task,n,idf_exponent,dim,normalize,position_weight,denominator,eval_sec,map,ndcg@10,ndcg@5,mrr,hit@1,hit@10,recall@10,p@10,rprec
typo,"(1,)",0.0,1.0,False,0.0,dice,2.75,0.42475,0.46893,0.43748,0.42475,0.3112,0.639,0.639,0.0639,0.3112
typo,"(1,)",0.0,1.0,False,0.5,dice,3.98,0.71902,0.75133,0.73963,0.71902,0.63071,0.86307,0.86307,0.08631,0.63071
typo,"(1,)",0.0,1.0,False,1.0,dice,3.45,0.75277,0.7785,0.76643,0.75277,0.6805,0.87137,0.87137,0.08714,0.6805
typo,"(1,)",0.0,1.0,True,0.0,dice,3.17,0.83605,0.86655,0.85283,0.83605,0.76763,0.9668,0.9668,0.09668,0.76763
typo,"(1,)",0.0,1.0,True,0.5,dice,3.69,0.93005,0.94495,0.93947,0.93005,0.88797,0.9917,0.9917,0.09917,0.88797
typo,"(1,)",0.0,1.0,True,1.0,dice,3.98,0.95711,0.9653,0.96399,0.95711,0.93361,0.9917,0.9917,0.09917,0.93361
typo,"(1,)",0.0,1.0,True,0.0,geo,3.72,0.8348,0.86325,0.84801,0.8348,0.76763,0.95851,0.95851,0.09585,0.76763
typo,"(1,)",0.0,1.0,True,0.5,geo,3.7,0.92033,0.93648,0.93251,0.92033,0.87137,0.98755,0.98755,0.09876,0.87137
typo,"(1,)",0.0,1.0,True,1.0,geo,3.33,0.95505,0.96374,0.96101,0.95505,0.93361,0.9917,0.9917,0.09917,0.93361
typo,"(1,)",0.5,1.0,False,0.0,dice,3.68,0.43513,0.48485,0.444,0.43513,0.3278,0.66805,0.66805,0.0668,0.3278
typo,"(1,)",0.5,1.0,False,0.5,dice,3.24,0.646,0.67963,0.65841,0.646,0.56017,0.80498,0.80498,0.0805,0.56017
typo,"(1,)",0.5,1.0,False,1.0,dice,3.14,0.69835,0.72911,0.71379,0.69835,0.61826,0.84232,0.84232,0.08423,0.61826
typo,"(1,)",0.5,1.0,True,0.0,dice,3.14,0.81249,0.84426,0.83343,0.81249,0.73444,0.95021,0.95021,0.09502,0.73444
typo,"(1,)",0.5,1.0,True,0.5,dice,3.28,0.91113,0.92937,0.92137,0.91113,0.87137,0.98755,0.98755,0.09876,0.87137
typo,"(1,)",0.5,1.0,True,1.0,dice,3.64,0.93903,0.95099,0.95099,0.93903,0.90456,0.98755,0.98755,0.09876,0.90456
typo,"(1,)",0.5,1.0,True,0.0,geo,3.25,0.81079,0.84177,0.82808,0.81079,0.73859,0.94606,0.94606,0.09461,0.73859
typo,"(1,)",0.5,1.0,True,0.5,geo,3.17,0.90609,0.92435,0.91641,0.90609,0.86307,0.9834,0.9834,0.09834,0.86307
typo,"(1,)",0.5,1.0,True,1.0,geo,3.17,0.9363,0.94886,0.94886,0.9363,0.90456,0.98755,0.98755,0.09876,0.90456
typo,"(1,)",1.0,1.0,False,0.0,dice,3.3,0.39897,0.44317,0.40383,0.39897,0.3029,0.61411,0.61411,0.06141,0.3029
typo,"(1,)",1.0,1.0,False,0.5,dice,3.19,0.58059,0.61204,0.59163,0.58059,0.49793,0.73444,0.73444,0.07344,0.49793
typo,"(1,)",1.0,1.0,False,1.0,dice,3.19,0.63257,0.65877,0.64525,0.63257,0.55187,0.76763,0.76763,0.07676,0.55187
typo,"(1,)",1.0,1.0,True,0.0,dice,3.22,0.70909,0.74799,0.72595,0.70909,0.60996,0.88382,0.88382,0.08838,0.60996
typo,"(1,)",1.0,1.0,True,0.5,dice,3.17,0.81945,0.84427,0.83605,0.81945,0.74274,0.92946,0.92946,0.09295,0.74274
typo,"(1,)",1.0,1.0,True,1.0,dice,3.17,0.87104,0.89476,0.88233,0.87104,0.81328,0.97095,0.97095,0.0971,0.81328
typo,"(1,)",1.0,1.0,True,0.0,geo,3.18,0.71842,0.75619,0.73878,0.71842,0.62241,0.88797,0.88797,0.0888,0.62241
typo,"(1,)",1.0,1.0,True,0.5,geo,3.23,0.82049,0.84609,0.83771,0.82049,0.75104,0.93361,0.93361,0.09336,0.75104
typo,"(1,)",1.0,1.0,True,1.0,geo,3.24,0.87324,0.89778,0.88823,0.87324,0.81328,0.9751,0.9751,0.09751,0.81328
typo,"(1,)",2.0,1.0,False,0.0,dice,3.15,0.33615,0.37128,0.34231,0.33615,0.25311,0.50622,0.50622,0.05062,0.25311
typo,"(1,)",2.0,1.0,False,0.5,dice,3.41,0.5088,0.5289,0.51544,0.5088,0.44398,0.61411,0.61411,0.06141,0.44398
typo,"(1,)",2.0,1.0,False,1.0,dice,3.25,0.55114,0.57389,0.56021,0.55114,0.49378,0.6639,0.6639,0.06639,0.49378
typo,"(1,)",2.0,1.0,True,0.0,dice,3.8,0.54035,0.57027,0.55445,0.54035,0.46473,0.68465,0.68465,0.06846,0.46473
typo,"(1,)",2.0,1.0,True,0.5,dice,3.25,0.63582,0.6647,0.6455,0.63582,0.56846,0.76763,0.76763,0.07676,0.56846
typo,"(1,)",2.0,1.0,True,1.0,dice,3.31,0.68374,0.71112,0.7021,0.68374,0.61411,0.80498,0.80498,0.0805,0.61411
typo,"(1,)",2.0,1.0,True,0.0,geo,3.56,0.54564,0.57492,0.55757,0.54564,0.46888,0.6888,0.6888,0.06888,0.46888
typo,"(1,)",2.0,1.0,True,0.5,geo,4.0,0.64835,0.67806,0.66033,0.64835,0.58091,0.78423,0.78423,0.07842,0.58091
typo,"(1,)",2.0,1.0,True,1.0,geo,3.61,0.69296,0.72216,0.71028,0.69296,0.61826,0.82158,0.82158,0.08216,0.61826
typo,"(1,)",3.0,1.0,False,0.0,dice,3.35,0.31087,0.34417,0.31396,0.31087,0.23651,0.47303,0.47303,0.0473,0.23651
typo,"(1,)",3.0,1.0,False,0.5,dice,3.46,0.48258,0.50267,0.49094,0.48258,0.41909,0.58506,0.58506,0.05851,0.41909
typo,"(1,)",3.0,1.0,False,1.0,dice,3.22,0.50703,0.53033,0.51335,0.50703,0.44813,0.62241,0.62241,0.06224,0.44813
typo,"(1,)",3.0,1.0,True,0.0,dice,3.25,0.47479,0.49519,0.48131,0.47479,0.41079,0.58091,0.58091,0.05809,0.41079
typo,"(1,)",3.0,1.0,True,0.5,dice,3.3,0.55358,0.57672,0.56033,0.55358,0.49378,0.6639,0.6639,0.06639,0.49378
typo,"(1,)",3.0,1.0,True,1.0,dice,3.3,0.57318,0.60267,0.59042,0.57318,0.50622,0.70539,0.70539,0.07054,0.50622
typo,"(1,)",3.0,1.0,True,0.0,geo,3.26,0.47647,0.49737,0.48364,0.47647,0.41079,0.58506,0.58506,0.05851,0.41079
typo,"(1,)",3.0,1.0,True,0.5,geo,3.36,0.55959,0.58214,0.57134,0.55959,0.49793,0.66805,0.66805,0.0668,0.49793
typo,"(1,)",3.0,1.0,True,1.0,geo,3.32,0.58164,0.6113,0.60173,0.58164,0.51037,0.71369,0.71369,0.07137,0.51037
typo,"(1,)",4.0,1.0,False,0.0,dice,3.22,0.29836,0.3305,0.30483,0.29836,0.22407,0.45643,0.45643,0.04564,0.22407
typo,"(1,)",4.0,1.0,False,0.5,dice,3.26,0.46288,0.48383,0.47343,0.46288,0.40249,0.56846,0.56846,0.05685,0.40249
typo,"(1,)",4.0,1.0,False,1.0,dice,3.32,0.48374,0.50449,0.48695,0.48374,0.42739,0.58921,0.58921,0.05892,0.42739
typo,"(1,)",4.0,1.0,True,0.0,dice,3.34,0.45287,0.47233,0.45977,0.45287,0.39834,0.54772,0.54772,0.05477,0.39834
typo,"(1,)",4.0,1.0,True,0.5,dice,3.77,0.50302,0.52363,0.51318,0.50302,0.44813,0.60581,0.60581,0.06058,0.44813
typo,"(1,)",4.0,1.0,True,1.0,dice,3.37,0.52037,0.54101,0.5289,0.52037,0.46058,0.62656,0.62656,0.06266,0.46058
typo,"(1,)",4.0,1.0,True,0.0,geo,3.48,0.45383,0.47284,0.46005,0.45383,0.39834,0.54772,0.54772,0.05477,0.39834
typo,"(1,)",4.0,1.0,True,0.5,geo,3.42,0.50741,0.52882,0.51679,0.50741,0.45228,0.61411,0.61411,0.06141,0.45228
typo,"(1,)",4.0,1.0,True,1.0,geo,3.34,0.52399,0.54816,0.53359,0.52399,0.46058,0.64315,0.64315,0.06432,0.46058
typo,"(2,)",0.0,1.0,False,0.0,dice,0.24,0.8109,0.83463,0.82623,0.8109,0.75104,0.91701,0.91701,0.0917,0.75104
typo,"(2,)",0.0,1.0,False,0.5,dice,0.27,0.87708,0.89642,0.8867,0.87708,0.82988,0.95851,0.95851,0.09585,0.82988
typo,"(2,)",0.0,1.0,False,1.0,dice,0.3,0.87708,0.89642,0.8867,0.87708,0.82988,0.95851,0.95851,0.09585,0.82988
typo,"(2,)",0.0,1.0,True,0.0,dice,0.3,0.88762,0.90751,0.90057,0.88762,0.83817,0.97095,0.97095,0.0971,0.83817
typo,"(2,)",0.0,1.0,True,0.5,dice,0.29,0.893,0.91163,0.90739,0.893,0.84647,0.97095,0.97095,0.0971,0.84647
typo,"(2,)",0.0,1.0,True,1.0,dice,0.32,0.894,0.91245,0.90811,0.894,0.84647,0.97095,0.97095,0.0971,0.84647
typo,"(2,)",0.0,1.0,True,0.0,geo,0.36,0.88724,0.9072,0.89896,0.88724,0.83817,0.97095,0.97095,0.0971,0.83817
typo,"(2,)",0.0,1.0,True,0.5,geo,0.32,0.89293,0.9116,0.90578,0.89293,0.84647,0.97095,0.97095,0.0971,0.84647
typo,"(2,)",0.0,1.0,True,1.0,geo,0.32,0.89378,0.91227,0.90793,0.89378,0.84647,0.97095,0.97095,0.0971,0.84647
typo,"(2,)",0.5,1.0,False,0.0,dice,0.21,0.83101,0.85569,0.84617,0.83101,0.77178,0.93776,0.93776,0.09378,0.77178
typo,"(2,)",0.5,1.0,False,0.5,dice,0.22,0.8577,0.88191,0.87278,0.8577,0.79668,0.95851,0.95851,0.09585,0.79668
typo,"(2,)",0.5,1.0,False,1.0,dice,0.2,0.86624,0.88829,0.87893,0.86624,0.80913,0.95851,0.95851,0.09585,0.80913
typo,"(2,)",0.5,1.0,True,0.0,dice,0.21,0.89986,0.91673,0.91029,0.89986,0.85892,0.97095,0.97095,0.0971,0.85892
typo,"(2,)",0.5,1.0,True,0.5,dice,0.21,0.90331,0.91939,0.91266,0.90331,0.86307,0.97095,0.97095,0.0971,0.86307
typo,"(2,)",0.5,1.0,True,1.0,dice,0.23,0.90234,0.91992,0.91167,0.90234,0.85892,0.9751,0.9751,0.09751,0.85892
typo,"(2,)",0.5,1.0,True,0.0,geo,0.21,0.89643,0.91416,0.90768,0.89643,0.85477,0.97095,0.97095,0.0971,0.85477
typo,"(2,)",0.5,1.0,True,0.5,geo,0.28,0.90051,0.91731,0.91058,0.90051,0.85892,0.97095,0.97095,0.0971,0.85892
typo,"(2,)",0.5,1.0,True,1.0,geo,0.32,0.9037,0.91976,0.91266,0.9037,0.86307,0.97095,0.97095,0.0971,0.86307
typo,"(2,)",1.0,1.0,False,0.0,dice,0.33,0.82605,0.85083,0.84148,0.82605,0.76763,0.93361,0.93361,0.09336,0.76763
typo,"(2,)",1.0,1.0,False,0.5,dice,0.33,0.84239,0.86708,0.86059,0.84239,0.77593,0.94606,0.94606,0.09461,0.77593
typo,"(2,)",1.0,1.0,False,1.0,dice,0.33,0.85393,0.87682,0.87035,0.85393,0.79253,0.95021,0.95021,0.09502,0.79253
typo,"(2,)",1.0,1.0,True,0.0,dice,0.37,0.89071,0.90533,0.90247,0.89071,0.84647,0.95436,0.95436,0.09544,0.84647
typo,"(2,)",1.0,1.0,True,0.5,dice,0.41,0.89702,0.91123,0.90851,0.89702,0.85477,0.95851,0.95851,0.09585,0.85477
typo,"(2,)",1.0,1.0,True,1.0,dice,0.37,0.90388,0.91997,0.91349,0.90388,0.86307,0.97095,0.97095,0.0971,0.86307
typo,"(2,)",1.0,1.0,True,0.0,geo,0.41,0.88757,0.90395,0.90003,0.88757,0.84232,0.95851,0.95851,0.09585,0.84232
typo,"(2,)",1.0,1.0,True,0.5,geo,0.42,0.90071,0.91503,0.9111,0.90071,0.86307,0.96266,0.96266,0.09627,0.86307
typo,"(2,)",1.0,1.0,True,1.0,geo,0.38,0.90584,0.92255,0.91473,0.90584,0.86722,0.9751,0.9751,0.09751,0.86722
typo,"(2,)",2.0,1.0,False,0.0,dice,0.28,0.70881,0.75119,0.73633,0.70881,0.60166,0.89212,0.89212,0.08921,0.60166
typo,"(2,)",2.0,1.0,False,0.5,dice,0.29,0.74055,0.7778,0.76816,0.74055,0.63485,0.90041,0.90041,0.09004,0.63485
typo,"(2,)",2.0,1.0,False,1.0,dice,0.29,0.75533,0.79104,0.77994,0.75533,0.65145,0.90871,0.90871,0.09087,0.65145
typo,"(2,)",2.0,1.0,True,0.0,dice,0.33,0.81177,0.84126,0.82904,0.81177,0.73859,0.93776,0.93776,0.09378,0.73859
typo,"(2,)",2.0,1.0,True,0.5,dice,0.31,0.82797,0.85472,0.84531,0.82797,0.75934,0.94191,0.94191,0.09419,0.75934
typo,"(2,)",2.0,1.0,True,1.0,dice,0.31,0.8353,0.8617,0.85495,0.8353,0.76349,0.94606,0.94606,0.09461,0.76349
typo,"(2,)",2.0,1.0,True,0.0,geo,0.32,0.80814,0.83851,0.82477,0.80814,0.73029,0.93776,0.93776,0.09378,0.73029
typo,"(2,)",2.0,1.0,True,0.5,geo,0.31,0.82435,0.85183,0.83927,0.82435,0.75519,0.94191,0.94191,0.09419,0.75519
typo,"(2,)",2.0,1.0,True,1.0,geo,0.31,0.83689,0.86245,0.85247,0.83689,0.77593,0.94606,0.94606,0.09461,0.77593
typo,"(2,)",3.0,1.0,False,0.0,dice,0.27,0.55974,0.60179,0.57877,0.55974,0.45228,0.76349,0.76349,0.07635,0.45228
typo,"(2,)",3.0,1.0,False,0.5,dice,0.25,0.5816,0.62476,0.60272,0.5816,0.46473,0.78423,0.78423,0.07842,0.46473
typo,"(2,)",3.0,1.0,False,1.0,dice,0.25,0.59577,0.63712,0.61562,0.59577,0.48548,0.79253,0.79253,0.07925,0.48548
typo,"(2,)",3.0,1.0,True,0.0,dice,0.25,0.63538,0.67703,0.65808,0.63538,0.53112,0.82988,0.82988,0.08299,0.53112
typo,"(2,)",3.0,1.0,True,0.5,dice,0.27,0.65011,0.69422,0.67805,0.65011,0.53942,0.85062,0.85062,0.08506,0.53942
typo,"(2,)",3.0,1.0,True,1.0,dice,0.28,0.66601,0.70785,0.69538,0.66601,0.54772,0.85477,0.85477,0.08548,0.54772
typo,"(2,)",3.0,1.0,True,0.0,geo,0.34,0.65903,0.70089,0.68242,0.65903,0.55602,0.85062,0.85062,0.08506,0.55602
typo,"(2,)",3.0,1.0,True,0.5,geo,0.36,0.66972,0.71399,0.6978,0.66972,0.55602,0.86722,0.86722,0.08672,0.55602
typo,"(2,)",3.0,1.0,True,1.0,geo,0.33,0.69618,0.73995,0.72141,0.69618,0.58921,0.88797,0.88797,0.0888,0.58921
typo,"(2,)",4.0,1.0,False,0.0,dice,0.26,0.49155,0.52786,0.50001,0.49155,0.39834,0.6805,0.6805,0.06805,0.39834
typo,"(2,)",4.0,1.0,False,0.5,dice,0.27,0.51113,0.54639,0.52369,0.51113,0.41079,0.69295,0.69295,0.06929,0.41079
typo,"(2,)",4.0,1.0,False,1.0,dice,0.25,0.52064,0.5587,0.53232,0.52064,0.41909,0.71369,0.71369,0.07137,0.41909
typo,"(2,)",4.0,1.0,True,0.0,dice,0.29,0.53596,0.57017,0.54892,0.53596,0.43983,0.71369,0.71369,0.07137,0.43983
typo,"(2,)",4.0,1.0,True,0.5,dice,0.28,0.54965,0.58452,0.56484,0.54965,0.45228,0.73029,0.73029,0.07303,0.45228
typo,"(2,)",4.0,1.0,True,1.0,dice,0.26,0.55433,0.59331,0.56836,0.55433,0.45228,0.75104,0.75104,0.0751,0.45228
typo,"(2,)",4.0,1.0,True,0.0,geo,0.3,0.53748,0.57752,0.547,0.53748,0.43154,0.73859,0.73859,0.07386,0.43154
typo,"(2,)",4.0,1.0,True,0.5,geo,0.32,0.55169,0.59609,0.56194,0.55169,0.44813,0.76763,0.76763,0.07676,0.44813
typo,"(2,)",4.0,1.0,True,1.0,geo,0.32,0.55725,0.60463,0.56852,0.55725,0.44813,0.78423,0.78423,0.07842,0.44813
typo,"(1, 2)",0.0,1.0,False,0.0,dice,4.87,0.83915,0.86141,0.85182,0.83915,0.78838,0.93776,0.93776,0.09378,0.78838
typo,"(1, 2)",0.0,1.0,False,0.5,dice,4.93,0.88313,0.90202,0.89505,0.88313,0.83817,0.96266,0.96266,0.09627,0.83817
typo,"(1, 2)",0.0,1.0,False,1.0,dice,5.51,0.88685,0.90482,0.89785,0.88685,0.84232,0.96266,0.96266,0.09627,0.84232
typo,"(1, 2)",0.0,1.0,True,0.0,dice,5.34,0.94723,0.95691,0.95405,0.94723,0.92116,0.98755,0.98755,0.09876,0.92116
typo,"(1, 2)",0.0,1.0,True,0.5,dice,5.27,0.95618,0.96362,0.96215,0.95618,0.93776,0.98755,0.98755,0.09876,0.93776
typo,"(1, 2)",0.0,1.0,True,1.0,dice,5.04,0.95647,0.96389,0.96251,0.95647,0.93776,0.98755,0.98755,0.09876,0.93776
typo,"(1, 2)",0.0,1.0,True,0.0,geo,5.91,0.94825,0.95783,0.95506,0.94825,0.92116,0.98755,0.98755,0.09876,0.92116
typo,"(1, 2)",0.0,1.0,True,0.5,geo,5.87,0.95692,0.96427,0.9628,0.95692,0.93776,0.98755,0.98755,0.09876,0.93776
typo,"(1, 2)",0.0,1.0,True,1.0,geo,6.01,0.95661,0.964,0.96261,0.95661,0.93776,0.98755,0.98755,0.09876,0.93776
typo,"(1, 2)",0.0,2.0,False,0.0,dice,4.58,0.82336,0.84607,0.83526,0.82336,0.77178,0.92531,0.92531,0.09253,0.77178
typo,"(1, 2)",0.0,2.0,False,0.5,dice,5.18,0.87314,0.89168,0.88202,0.87314,0.82988,0.95436,0.95436,0.09544,0.82988
typo,"(1, 2)",0.0,2.0,False,1.0,dice,4.98,0.88311,0.90187,0.89522,0.88311,0.83402,0.96266,0.96266,0.09627,0.83402
typo,"(1, 2)",0.0,2.0,True,0.0,dice,4.51,0.94441,0.95473,0.95335,0.94441,0.91286,0.98755,0.98755,0.09876,0.91286
typo,"(1, 2)",0.0,2.0,True,0.5,dice,4.47,0.96148,0.96878,0.96592,0.96148,0.94191,0.9917,0.9917,0.09917,0.94191
typo,"(1, 2)",0.0,2.0,True,1.0,dice,4.4,0.95899,0.96705,0.9641,0.95899,0.93776,0.9917,0.9917,0.09917,0.93776
typo,"(1, 2)",0.0,2.0,True,0.0,geo,4.61,0.94567,0.95572,0.95434,0.94567,0.91701,0.98755,0.98755,0.09876,0.91701
typo,"(1, 2)",0.0,2.0,True,0.5,geo,4.45,0.95642,0.9651,0.96231,0.95642,0.93361,0.9917,0.9917,0.09917,0.93361
typo,"(1, 2)",0.0,2.0,True,1.0,geo,4.37,0.95819,0.96641,0.96355,0.95819,0.93776,0.9917,0.9917,0.09917,0.93776
typo,"(1, 2)",0.5,1.0,False,0.0,dice,5.25,0.84541,0.86736,0.86072,0.84541,0.78423,0.94191,0.94191,0.09419,0.78423
typo,"(1, 2)",0.5,1.0,False,0.5,dice,4.46,0.88216,0.90109,0.89307,0.88216,0.83402,0.96266,0.96266,0.09627,0.83402
typo,"(1, 2)",0.5,1.0,False,1.0,dice,4.4,0.89379,0.91218,0.90283,0.89379,0.85062,0.97095,0.97095,0.0971,0.85062
typo,"(1, 2)",0.5,1.0,True,0.0,dice,4.48,0.95139,0.95898,0.9575,0.95139,0.92531,0.9834,0.9834,0.09834,0.92531
typo,"(1, 2)",0.5,1.0,True,0.5,dice,4.43,0.95579,0.96342,0.96217,0.95579,0.93361,0.98755,0.98755,0.09876,0.93361
typo,"(1, 2)",0.5,1.0,True,1.0,dice,4.48,0.95768,0.96479,0.9621,0.95768,0.93776,0.98755,0.98755,0.09876,0.93776
typo,"(1, 2)",0.5,1.0,True,0.0,geo,4.56,0.94862,0.95801,0.95543,0.94862,0.92116,0.98755,0.98755,0.09876,0.92116
typo,"(1, 2)",0.5,1.0,True,0.5,geo,4.57,0.95103,0.95987,0.95856,0.95103,0.92531,0.98755,0.98755,0.09876,0.92531
typo,"(1, 2)",0.5,1.0,True,1.0,geo,4.58,0.95488,0.9627,0.95984,0.95488,0.93361,0.98755,0.98755,0.09876,0.93361
typo,"(1, 2)",0.5,2.0,False,0.0,dice,4.88,0.84523,0.86602,0.86206,0.84523,0.78008,0.93776,0.93776,0.09378,0.78008
typo,"(1, 2)",0.5,2.0,False,0.5,dice,4.97,0.88411,0.90247,0.89574,0.88411,0.83817,0.96266,0.96266,0.09627,0.83817
typo,"(1, 2)",0.5,2.0,False,1.0,dice,4.6,0.89796,0.91525,0.90589,0.89796,0.85892,0.97095,0.97095,0.0971,0.85892
typo,"(1, 2)",0.5,2.0,True,0.0,dice,4.68,0.94628,0.95649,0.95649,0.94628,0.91701,0.98755,0.98755,0.09876,0.91701
typo,"(1, 2)",0.5,2.0,True,0.5,dice,3.57,0.95721,0.96471,0.96471,0.95721,0.93361,0.98755,0.98755,0.09876,0.93361
typo,"(1, 2)",0.5,2.0,True,1.0,dice,3.96,0.96455,0.97121,0.96853,0.96455,0.94606,0.9917,0.9917,0.09917,0.94606
typo,"(1, 2)",0.5,2.0,True,0.0,geo,4.68,0.94342,0.95438,0.95438,0.94342,0.91286,0.98755,0.98755,0.09876,0.91286
typo,"(1, 2)",0.5,2.0,True,0.5,geo,5.28,0.95203,0.96082,0.96082,0.95203,0.92531,0.98755,0.98755,0.09876,0.92531
typo,"(1, 2)",0.5,2.0,True,1.0,geo,5.28,0.96025,0.96672,0.96534,0.96025,0.94191,0.98755,0.98755,0.09876,0.94191
typo,"(1, 2)",1.0,1.0,False,0.0,dice,3.84,0.84451,0.86339,0.85667,0.84451,0.78838,0.92946,0.92946,0.09295,0.78838
typo,"(1, 2)",1.0,1.0,False,0.5,dice,3.62,0.86051,0.88271,0.87387,0.86051,0.80083,0.95436,0.95436,0.09544,0.80083
typo,"(1, 2)",1.0,1.0,False,1.0,dice,4.56,0.87573,0.89544,0.88757,0.87573,0.82573,0.95851,0.95851,0.09585,0.82573
typo,"(1, 2)",1.0,1.0,True,0.0,dice,4.36,0.93788,0.94766,0.94211,0.93788,0.91286,0.97925,0.97925,0.09793,0.91286
typo,"(1, 2)",1.0,1.0,True,0.5,dice,4.14,0.93998,0.94928,0.94658,0.93998,0.91286,0.97925,0.97925,0.09793,0.91286
typo,"(1, 2)",1.0,1.0,True,1.0,dice,4.31,0.94333,0.95175,0.94913,0.94333,0.91701,0.97925,0.97925,0.09793,0.91701
typo,"(1, 2)",1.0,1.0,True,0.0,geo,5.07,0.93741,0.94724,0.94182,0.93741,0.91286,0.97925,0.97925,0.09793,0.91286
typo,"(1, 2)",1.0,1.0,True,0.5,geo,4.81,0.94391,0.95221,0.94965,0.94391,0.92116,0.97925,0.97925,0.09793,0.92116
typo,"(1, 2)",1.0,1.0,True,1.0,geo,4.75,0.94529,0.95316,0.95066,0.94529,0.92116,0.97925,0.97925,0.09793,0.92116
typo,"(1, 2)",1.0,2.0,False,0.0,dice,4.53,0.84064,0.86048,0.85672,0.84064,0.78423,0.92946,0.92946,0.09295,0.78423
typo,"(1, 2)",1.0,2.0,False,0.5,dice,4.59,0.86172,0.88377,0.87632,0.86172,0.80498,0.95436,0.95436,0.09544,0.80498
typo,"(1, 2)",1.0,2.0,False,1.0,dice,4.83,0.86857,0.89011,0.88093,0.86857,0.81328,0.95851,0.95851,0.09585,0.81328
typo,"(1, 2)",1.0,2.0,True,0.0,dice,4.58,0.91547,0.92934,0.92111,0.91547,0.88382,0.9751,0.9751,0.09751,0.88382
typo,"(1, 2)",1.0,2.0,True,0.5,dice,4.37,0.93317,0.9456,0.94274,0.93317,0.90456,0.9834,0.9834,0.09834,0.90456
typo,"(1, 2)",1.0,2.0,True,1.0,dice,4.48,0.93424,0.94651,0.94513,0.93424,0.90041,0.9834,0.9834,0.09834,0.90041
typo,"(1, 2)",1.0,2.0,True,0.0,geo,6.22,0.91725,0.93078,0.92409,0.91725,0.88382,0.9751,0.9751,0.09751,0.88382
typo,"(1, 2)",1.0,2.0,True,0.5,geo,5.58,0.93807,0.94939,0.94808,0.93807,0.90871,0.9834,0.9834,0.09834,0.90871
typo,"(1, 2)",1.0,2.0,True,1.0,geo,5.06,0.93884,0.94999,0.94713,0.93884,0.90871,0.9834,0.9834,0.09834,0.90871
typo,"(1, 2)",2.0,1.0,False,0.0,dice,4.91,0.72335,0.75924,0.74444,0.72335,0.62656,0.88382,0.88382,0.08838,0.62656
typo,"(1, 2)",2.0,1.0,False,0.5,dice,5.33,0.75937,0.79282,0.78363,0.75937,0.6639,0.90456,0.90456,0.09046,0.6639
typo,"(1, 2)",2.0,1.0,False,1.0,dice,5.64,0.77391,0.80841,0.79474,0.77391,0.68465,0.92116,0.92116,0.09212,0.68465
typo,"(1, 2)",2.0,1.0,True,0.0,dice,4.58,0.81921,0.8367,0.82968,0.81921,0.76763,0.90041,0.90041,0.09004,0.76763
typo,"(1, 2)",2.0,1.0,True,0.5,dice,5.37,0.84145,0.85905,0.85136,0.84145,0.79253,0.92116,0.92116,0.09212,0.79253
typo,"(1, 2)",2.0,1.0,True,1.0,dice,4.91,0.85086,0.86834,0.86036,0.85086,0.80498,0.92946,0.92946,0.09295,0.80498
typo,"(1, 2)",2.0,1.0,True,0.0,geo,4.98,0.83974,0.86119,0.85302,0.83974,0.78838,0.93361,0.93361,0.09336,0.78838
typo,"(1, 2)",2.0,1.0,True,0.5,geo,5.04,0.85526,0.87646,0.87132,0.85526,0.80083,0.94606,0.94606,0.09461,0.80083
typo,"(1, 2)",2.0,1.0,True,1.0,geo,7.27,0.87108,0.88955,0.88401,0.87108,0.82158,0.95021,0.95021,0.09502,0.82158
typo,"(1, 2)",2.0,2.0,False,0.0,dice,6.06,0.71566,0.7566,0.74135,0.71566,0.60996,0.89212,0.89212,0.08921,0.60996
typo,"(1, 2)",2.0,2.0,False,0.5,dice,5.04,0.74585,0.78293,0.77359,0.74585,0.64315,0.90456,0.90456,0.09046,0.64315
typo,"(1, 2)",2.0,2.0,False,1.0,dice,5.06,0.76301,0.79801,0.78423,0.76301,0.6639,0.91286,0.91286,0.09129,0.6639
typo,"(1, 2)",2.0,2.0,True,0.0,dice,5.63,0.74943,0.77264,0.7551,0.74943,0.6971,0.85477,0.85477,0.08548,0.6971
typo,"(1, 2)",2.0,2.0,True,0.5,dice,7.2,0.80092,0.81943,0.80726,0.80092,0.75934,0.88382,0.88382,0.08838,0.75934
typo,"(1, 2)",2.0,2.0,True,1.0,dice,5.45,0.8277,0.84376,0.83522,0.8277,0.78838,0.90041,0.90041,0.09004,0.78838
typo,"(1, 2)",2.0,2.0,True,0.0,geo,3.94,0.77459,0.79781,0.79103,0.77459,0.71784,0.87552,0.87552,0.08755,0.71784
typo,"(1, 2)",2.0,2.0,True,0.5,geo,4.7,0.82547,0.83968,0.83265,0.82547,0.78008,0.89212,0.89212,0.08921,0.78008
typo,"(1, 2)",2.0,2.0,True,1.0,geo,4.46,0.85141,0.86328,0.85638,0.85141,0.81328,0.90871,0.90871,0.09087,0.81328
typo,"(1, 2)",3.0,1.0,False,0.0,dice,3.66,0.57153,0.60931,0.58541,0.57153,0.46888,0.75934,0.75934,0.07593,0.46888
typo,"(1, 2)",3.0,1.0,False,0.5,dice,4.42,0.59548,0.63256,0.61329,0.59548,0.48963,0.77593,0.77593,0.07759,0.48963
typo,"(1, 2)",3.0,1.0,False,1.0,dice,4.13,0.60434,0.64433,0.61987,0.60434,0.49793,0.79668,0.79668,0.07967,0.49793
typo,"(1, 2)",3.0,1.0,True,0.0,dice,3.99,0.66471,0.68871,0.67931,0.66471,0.59751,0.77593,0.77593,0.07759,0.59751
typo,"(1, 2)",3.0,1.0,True,0.5,dice,4.87,0.69357,0.7191,0.70698,0.69357,0.63071,0.80913,0.80913,0.08091,0.63071
typo,"(1, 2)",3.0,1.0,True,1.0,dice,4.41,0.70954,0.73494,0.72107,0.70954,0.6473,0.82573,0.82573,0.08257,0.6473
typo,"(1, 2)",3.0,1.0,True,0.0,geo,4.19,0.68171,0.70996,0.69362,0.68171,0.60996,0.81328,0.81328,0.08133,0.60996
typo,"(1, 2)",3.0,1.0,True,0.5,geo,4.32,0.71047,0.74386,0.72362,0.71047,0.639,0.85892,0.85892,0.08589,0.639
typo,"(1, 2)",3.0,1.0,True,1.0,geo,5.16,0.73344,0.76332,0.74516,0.73344,0.6639,0.86722,0.86722,0.08672,0.6639
typo,"(1, 2)",3.0,2.0,False,0.0,dice,7.02,0.56243,0.60376,0.57913,0.56243,0.45643,0.76349,0.76349,0.07635,0.45643
typo,"(1, 2)",3.0,2.0,False,0.5,dice,7.04,0.58446,0.62551,0.60342,0.58446,0.47303,0.78008,0.78008,0.07801,0.47303
typo,"(1, 2)",3.0,2.0,False,1.0,dice,6.13,0.60048,0.64169,0.61894,0.60048,0.49378,0.79668,0.79668,0.07967,0.49378
typo,"(1, 2)",3.0,2.0,True,0.0,dice,6.39,0.64211,0.65505,0.64986,0.64211,0.59336,0.70954,0.70954,0.07095,0.59336
typo,"(1, 2)",3.0,2.0,True,0.5,dice,6.51,0.66562,0.68617,0.67525,0.66562,0.61411,0.75934,0.75934,0.07593,0.61411
typo,"(1, 2)",3.0,2.0,True,1.0,dice,9.3,0.68581,0.70796,0.69879,0.68581,0.63071,0.78423,0.78423,0.07842,0.63071
typo,"(1, 2)",3.0,2.0,True,0.0,geo,6.88,0.65257,0.6696,0.66141,0.65257,0.60166,0.73444,0.73444,0.07344,0.60166
typo,"(1, 2)",3.0,2.0,True,0.5,geo,6.27,0.68217,0.70433,0.69607,0.68217,0.62656,0.78008,0.78008,0.07801,0.62656
typo,"(1, 2)",3.0,2.0,True,1.0,geo,6.13,0.71202,0.73159,0.72646,0.71202,0.65975,0.80083,0.80083,0.08008,0.65975
typo,"(1, 2)",4.0,1.0,False,0.0,dice,5.89,0.49868,0.53008,0.50469,0.49868,0.40664,0.66805,0.66805,0.0668,0.40664
typo,"(1, 2)",4.0,1.0,False,0.5,dice,5.89,0.51781,0.54996,0.52606,0.51781,0.42739,0.6888,0.6888,0.06888,0.42739
typo,"(1, 2)",4.0,1.0,False,1.0,dice,5.87,0.52542,0.55976,0.53352,0.52542,0.43154,0.70539,0.70539,0.07054,0.43154
typo,"(1, 2)",4.0,1.0,True,0.0,dice,5.83,0.5764,0.6,0.5823,0.5764,0.51037,0.69295,0.69295,0.06929,0.51037
typo,"(1, 2)",4.0,1.0,True,0.5,dice,6.63,0.60448,0.63618,0.61453,0.60448,0.53527,0.74689,0.74689,0.07469,0.53527
typo,"(1, 2)",4.0,1.0,True,1.0,dice,6.94,0.63319,0.66213,0.64301,0.63319,0.57261,0.76349,0.76349,0.07635,0.57261
typo,"(1, 2)",4.0,1.0,True,0.0,geo,6.09,0.59321,0.62503,0.60613,0.59321,0.52282,0.73859,0.73859,0.07386,0.52282
typo,"(1, 2)",4.0,1.0,True,0.5,geo,5.54,0.62588,0.6573,0.64164,0.62588,0.55187,0.76763,0.76763,0.07676,0.55187
typo,"(1, 2)",4.0,1.0,True,1.0,geo,5.94,0.64775,0.67915,0.65911,0.64775,0.57676,0.78838,0.78838,0.07884,0.57676
typo,"(1, 2)",4.0,2.0,False,0.0,dice,5.33,0.49555,0.53087,0.50303,0.49555,0.40249,0.6805,0.6805,0.06805,0.40249
typo,"(1, 2)",4.0,2.0,False,0.5,dice,4.61,0.5159,0.54992,0.52722,0.5159,0.41909,0.69295,0.69295,0.06929,0.41909
typo,"(1, 2)",4.0,2.0,False,1.0,dice,4.24,0.52544,0.56224,0.53585,0.52544,0.42739,0.71369,0.71369,0.07137,0.42739
typo,"(1, 2)",4.0,2.0,True,0.0,dice,5.22,0.55793,0.57527,0.56708,0.55793,0.51037,0.64315,0.64315,0.06432,0.51037
typo,"(1, 2)",4.0,2.0,True,0.5,dice,4.31,0.58817,0.60829,0.59718,0.58817,0.53527,0.68465,0.68465,0.06846,0.53527
typo,"(1, 2)",4.0,2.0,True,1.0,dice,4.25,0.59748,0.6222,0.60713,0.59748,0.54357,0.71369,0.71369,0.07137,0.54357
typo,"(1, 2)",4.0,2.0,True,0.0,geo,4.94,0.57047,0.59213,0.581,0.57047,0.51037,0.6722,0.6722,0.06722,0.51037
typo,"(1, 2)",4.0,2.0,True,0.5,geo,4.5,0.60512,0.62577,0.61629,0.60512,0.54772,0.70539,0.70539,0.07054,0.54772
typo,"(1, 2)",4.0,2.0,True,1.0,geo,4.07,0.62505,0.65053,0.63445,0.62505,0.56846,0.74274,0.74274,0.07427,0.56846
typo,"(2, 3)",0.0,1.0,False,0.0,dice,0.24,0.8378,0.85701,0.84778,0.8378,0.79253,0.92531,0.92531,0.09253,0.79253
typo,"(2, 3)",0.0,1.0,False,0.5,dice,0.24,0.86283,0.88007,0.87598,0.86283,0.81743,0.93776,0.93776,0.09378,0.81743
typo,"(2, 3)",0.0,1.0,False,1.0,dice,0.24,0.86285,0.88007,0.87598,0.86285,0.81743,0.93776,0.93776,0.09378,0.81743
typo,"(2, 3)",0.0,1.0,True,0.0,dice,0.28,0.87352,0.89254,0.88276,0.87352,0.83402,0.95436,0.95436,0.09544,0.83402
typo,"(2, 3)",0.0,1.0,True,0.5,dice,0.31,0.87836,0.8962,0.88932,0.87836,0.84232,0.95436,0.95436,0.09544,0.84232
typo,"(2, 3)",0.0,1.0,True,1.0,dice,0.29,0.87904,0.89675,0.89129,0.87904,0.84232,0.95436,0.95436,0.09544,0.84232
typo,"(2, 3)",0.0,1.0,True,0.0,geo,0.37,0.86855,0.88861,0.87891,0.86855,0.82988,0.95436,0.95436,0.09544,0.82988
typo,"(2, 3)",0.0,1.0,True,0.5,geo,0.42,0.87371,0.89257,0.88273,0.87371,0.83817,0.95436,0.95436,0.09544,0.83817
typo,"(2, 3)",0.0,1.0,True,1.0,geo,0.54,0.87533,0.8939,0.88695,0.87533,0.83817,0.95436,0.95436,0.09544,0.83817
typo,"(2, 3)",0.0,2.0,False,0.0,dice,0.47,0.83888,0.85784,0.84986,0.83888,0.79253,0.92531,0.92531,0.09253,0.79253
typo,"(2, 3)",0.0,2.0,False,0.5,dice,0.61,0.86331,0.88036,0.87627,0.86331,0.81743,0.93776,0.93776,0.09378,0.81743
typo,"(2, 3)",0.0,2.0,False,1.0,dice,0.4,0.86394,0.88304,0.87627,0.86394,0.81743,0.94606,0.94606,0.09461,0.81743
typo,"(2, 3)",0.0,2.0,True,0.0,dice,0.39,0.87774,0.8988,0.89077,0.87774,0.83402,0.9668,0.9668,0.09668,0.83402
typo,"(2, 3)",0.0,2.0,True,0.5,dice,0.37,0.88288,0.90275,0.8959,0.88288,0.84232,0.9668,0.9668,0.09668,0.84232
typo,"(2, 3)",0.0,2.0,True,1.0,dice,0.38,0.88369,0.9033,0.89645,0.88369,0.84232,0.9668,0.9668,0.09668,0.84232
typo,"(2, 3)",0.0,2.0,True,0.0,geo,0.51,0.87566,0.89701,0.8875,0.87566,0.83402,0.9668,0.9668,0.09668,0.83402
typo,"(2, 3)",0.0,2.0,True,0.5,geo,0.51,0.88219,0.90216,0.89383,0.88219,0.84232,0.9668,0.9668,0.09668,0.84232
typo,"(2, 3)",0.0,2.0,True,1.0,geo,0.5,0.88115,0.90148,0.89463,0.88115,0.83817,0.9668,0.9668,0.09668,0.83817
typo,"(2, 3)",0.5,1.0,False,0.0,dice,0.32,0.83175,0.85267,0.84309,0.83175,0.78423,0.92531,0.92531,0.09253,0.78423
typo,"(2, 3)",0.5,1.0,False,0.5,dice,0.3,0.85226,0.87222,0.86402,0.85226,0.80083,0.93776,0.93776,0.09378,0.80083
typo,"(2, 3)",0.5,1.0,False,1.0,dice,0.3,0.85652,0.8753,0.87001,0.85652,0.80913,0.93776,0.93776,0.09378,0.80913
typo,"(2, 3)",0.5,1.0,True,0.0,dice,0.4,0.87455,0.89213,0.88676,0.87455,0.83402,0.95021,0.95021,0.09502,0.83402
typo,"(2, 3)",0.5,1.0,True,0.5,dice,0.37,0.87454,0.89348,0.88822,0.87454,0.82988,0.95436,0.95436,0.09544,0.82988
typo,"(2, 3)",0.5,1.0,True,1.0,dice,0.32,0.87798,0.89613,0.89076,0.87798,0.83402,0.95436,0.95436,0.09544,0.83402
typo,"(2, 3)",0.5,1.0,True,0.0,geo,0.32,0.86869,0.88765,0.8809,0.86869,0.82573,0.95021,0.95021,0.09502,0.82573
typo,"(2, 3)",0.5,1.0,True,0.5,geo,0.36,0.87099,0.89075,0.88549,0.87099,0.82573,0.95436,0.95436,0.09544,0.82573
typo,"(2, 3)",0.5,1.0,True,1.0,geo,0.37,0.87434,0.8933,0.88793,0.87434,0.82988,0.95436,0.95436,0.09544,0.82988
typo,"(2, 3)",0.5,2.0,False,0.0,dice,0.33,0.82833,0.85013,0.84342,0.82833,0.77593,0.92531,0.92531,0.09253,0.77593
typo,"(2, 3)",0.5,2.0,False,0.5,dice,0.31,0.85123,0.87151,0.86457,0.85123,0.79668,0.93776,0.93776,0.09378,0.79668
typo,"(2, 3)",0.5,2.0,False,1.0,dice,0.33,0.8583,0.87654,0.87102,0.8583,0.80913,0.93776,0.93776,0.09378,0.80913
typo,"(2, 3)",0.5,2.0,True,0.0,dice,0.37,0.87824,0.89698,0.89278,0.87824,0.83402,0.95851,0.95851,0.09585,0.83402
typo,"(2, 3)",0.5,2.0,True,0.5,dice,0.39,0.88206,0.90114,0.89574,0.88206,0.83402,0.96266,0.96266,0.09627,0.83402
typo,"(2, 3)",0.5,2.0,True,1.0,dice,0.38,0.88583,0.90518,0.89999,0.88583,0.83817,0.9668,0.9668,0.09668,0.83817
typo,"(2, 3)",0.5,2.0,True,0.0,geo,0.45,0.87694,0.89576,0.89008,0.87694,0.83402,0.95851,0.95851,0.09585,0.83402
typo,"(2, 3)",0.5,2.0,True,0.5,geo,0.41,0.87834,0.89939,0.89273,0.87834,0.82988,0.9668,0.9668,0.09668,0.82988
typo,"(2, 3)",0.5,2.0,True,1.0,geo,0.41,0.8838,0.90371,0.89686,0.8838,0.83402,0.9668,0.9668,0.09668,0.83402
typo,"(2, 3)",1.0,1.0,False,0.0,dice,0.25,0.82365,0.8414,0.8336,0.82365,0.78008,0.90871,0.90871,0.09087,0.78008
typo,"(2, 3)",1.0,1.0,False,0.5,dice,0.27,0.84091,0.86105,0.85176,0.84091,0.78838,0.92946,0.92946,0.09295,0.78838
typo,"(2, 3)",1.0,1.0,False,1.0,dice,0.25,0.84243,0.86482,0.85572,0.84243,0.78423,0.93776,0.93776,0.09378,0.78423
typo,"(2, 3)",1.0,1.0,True,0.0,dice,0.31,0.86267,0.8831,0.87517,0.86267,0.81328,0.95021,0.95021,0.09502,0.81328
typo,"(2, 3)",1.0,1.0,True,0.5,dice,0.31,0.87244,0.89055,0.88387,0.87244,0.82573,0.95021,0.95021,0.09502,0.82573
typo,"(2, 3)",1.0,1.0,True,1.0,dice,0.32,0.87852,0.89637,0.88955,0.87852,0.83402,0.95436,0.95436,0.09544,0.83402
typo,"(2, 3)",1.0,1.0,True,0.0,geo,0.4,0.85988,0.88086,0.87164,0.85988,0.80913,0.95021,0.95021,0.09502,0.80913
typo,"(2, 3)",1.0,1.0,True,0.5,geo,0.49,0.86643,0.88602,0.87803,0.86643,0.81328,0.95021,0.95021,0.09502,0.81328
typo,"(2, 3)",1.0,1.0,True,1.0,geo,0.48,0.87567,0.89419,0.88736,0.87567,0.82988,0.95436,0.95436,0.09544,0.82988
typo,"(2, 3)",1.0,2.0,False,0.0,dice,0.45,0.82243,0.84169,0.83378,0.82243,0.77593,0.91286,0.91286,0.09129,0.77593
typo,"(2, 3)",1.0,2.0,False,0.5,dice,0.36,0.84214,0.86309,0.85383,0.84214,0.78838,0.93361,0.93361,0.09336,0.78838
typo,"(2, 3)",1.0,2.0,False,1.0,dice,0.34,0.84393,0.8659,0.85808,0.84393,0.78423,0.93776,0.93776,0.09378,0.78423
typo,"(2, 3)",1.0,2.0,True,0.0,dice,0.43,0.87237,0.89266,0.88591,0.87237,0.82158,0.95851,0.95851,0.09585,0.82158
typo,"(2, 3)",1.0,2.0,True,0.5,dice,0.45,0.8799,0.89945,0.89283,0.8799,0.83402,0.96266,0.96266,0.09627,0.83402
typo,"(2, 3)",1.0,2.0,True,1.0,dice,0.47,0.88313,0.90204,0.89664,0.88313,0.83402,0.96266,0.96266,0.09627,0.83402
typo,"(2, 3)",1.0,2.0,True,0.0,geo,0.48,0.87142,0.89176,0.88373,0.87142,0.82158,0.95851,0.95851,0.09585,0.82158
typo,"(2, 3)",1.0,2.0,True,0.5,geo,0.5,0.875,0.89568,0.8877,0.875,0.82573,0.96266,0.96266,0.09627,0.82573
typo,"(2, 3)",1.0,2.0,True,1.0,geo,0.49,0.88053,0.90117,0.89457,0.88053,0.82988,0.9668,0.9668,0.09668,0.82988
typo,"(2, 3)",2.0,1.0,False,0.0,dice,0.33,0.79591,0.81523,0.80253,0.79591,0.74274,0.88797,0.88797,0.0888,0.74274
typo,"(2, 3)",2.0,1.0,False,0.5,dice,0.29,0.81032,0.83096,0.8227,0.81032,0.75519,0.90456,0.90456,0.09046,0.75519
typo,"(2, 3)",2.0,1.0,False,1.0,dice,0.29,0.81539,0.83602,0.82928,0.81539,0.75934,0.90871,0.90871,0.09087,0.75934
typo,"(2, 3)",2.0,1.0,True,0.0,dice,0.32,0.84351,0.86339,0.84863,0.84351,0.79668,0.93361,0.93361,0.09336,0.79668
typo,"(2, 3)",2.0,1.0,True,0.5,dice,0.31,0.84592,0.86658,0.85132,0.84592,0.79668,0.93776,0.93776,0.09378,0.79668
typo,"(2, 3)",2.0,1.0,True,1.0,dice,0.32,0.85151,0.87209,0.86117,0.85151,0.80498,0.94191,0.94191,0.09419,0.80498
typo,"(2, 3)",2.0,1.0,True,0.0,geo,0.35,0.8314,0.85539,0.83947,0.8314,0.78008,0.93776,0.93776,0.09378,0.78008
typo,"(2, 3)",2.0,1.0,True,0.5,geo,0.35,0.8397,0.86413,0.8482,0.8397,0.78838,0.94606,0.94606,0.09461,0.78838
typo,"(2, 3)",2.0,1.0,True,1.0,geo,0.35,0.84324,0.86693,0.85199,0.84324,0.79253,0.94606,0.94606,0.09461,0.79253
typo,"(2, 3)",2.0,2.0,False,0.0,dice,0.31,0.79292,0.81287,0.79895,0.79292,0.73859,0.88797,0.88797,0.0888,0.73859
typo,"(2, 3)",2.0,2.0,False,0.5,dice,0.31,0.80457,0.82541,0.81715,0.80457,0.74274,0.90041,0.90041,0.09004,0.74274
typo,"(2, 3)",2.0,2.0,False,1.0,dice,0.32,0.80885,0.82987,0.82308,0.80885,0.74689,0.90456,0.90456,0.09046,0.74689
typo,"(2, 3)",2.0,2.0,True,0.0,dice,0.37,0.8327,0.8569,0.84591,0.8327,0.77593,0.93776,0.93776,0.09378,0.77593
typo,"(2, 3)",2.0,2.0,True,0.5,dice,0.35,0.84016,0.86257,0.85268,0.84016,0.78423,0.93776,0.93776,0.09378,0.78423
typo,"(2, 3)",2.0,2.0,True,1.0,dice,0.34,0.84688,0.86776,0.86073,0.84688,0.79253,0.93776,0.93776,0.09378,0.79253
typo,"(2, 3)",2.0,2.0,True,0.0,geo,0.41,0.82812,0.85307,0.84093,0.82812,0.77178,0.93776,0.93776,0.09378,0.77178
typo,"(2, 3)",2.0,2.0,True,0.5,geo,0.42,0.84218,0.86504,0.85264,0.84218,0.78838,0.94191,0.94191,0.09419,0.78838
typo,"(2, 3)",2.0,2.0,True,1.0,geo,0.42,0.84424,0.86896,0.85697,0.84424,0.78838,0.95021,0.95021,0.09502,0.78838
typo,"(2, 3)",3.0,1.0,False,0.0,dice,0.26,0.70575,0.74352,0.72476,0.70575,0.60996,0.87552,0.87552,0.08755,0.60996
typo,"(2, 3)",3.0,1.0,False,0.5,dice,0.25,0.7214,0.75946,0.74472,0.7214,0.61826,0.88797,0.88797,0.0888,0.61826
typo,"(2, 3)",3.0,1.0,False,1.0,dice,0.29,0.72959,0.76897,0.75033,0.72959,0.63071,0.90041,0.90041,0.09004,0.63071
typo,"(2, 3)",3.0,1.0,True,0.0,dice,0.38,0.75446,0.78707,0.76784,0.75446,0.6805,0.90041,0.90041,0.09004,0.6805
typo,"(2, 3)",3.0,1.0,True,0.5,dice,0.4,0.76764,0.8006,0.78011,0.76764,0.6971,0.91286,0.91286,0.09129,0.6971
typo,"(2, 3)",3.0,1.0,True,1.0,dice,0.38,0.77566,0.80839,0.79134,0.77566,0.6971,0.91701,0.91701,0.0917,0.6971
typo,"(2, 3)",3.0,1.0,True,0.0,geo,0.45,0.75652,0.79095,0.76785,0.75652,0.67635,0.90871,0.90871,0.09087,0.67635
typo,"(2, 3)",3.0,1.0,True,0.5,geo,0.47,0.76812,0.80099,0.78037,0.76812,0.6888,0.91286,0.91286,0.09129,0.6888
typo,"(2, 3)",3.0,1.0,True,1.0,geo,0.44,0.78128,0.81212,0.79417,0.78128,0.70539,0.91701,0.91701,0.0917,0.70539
typo,"(2, 3)",3.0,2.0,False,0.0,dice,0.4,0.70296,0.73811,0.72651,0.70296,0.61411,0.86307,0.86307,0.08631,0.61411
typo,"(2, 3)",3.0,2.0,False,0.5,dice,0.42,0.71202,0.74902,0.73549,0.71202,0.60996,0.87552,0.87552,0.08755,0.60996
typo,"(2, 3)",3.0,2.0,False,1.0,dice,0.36,0.72115,0.75817,0.74196,0.72115,0.62241,0.88382,0.88382,0.08838,0.62241
typo,"(2, 3)",3.0,2.0,True,0.0,dice,0.5,0.71291,0.74728,0.72401,0.71291,0.63071,0.87137,0.87137,0.08714,0.63071
typo,"(2, 3)",3.0,2.0,True,0.5,dice,0.44,0.72795,0.76354,0.74299,0.72795,0.6473,0.88797,0.88797,0.0888,0.6473
typo,"(2, 3)",3.0,2.0,True,1.0,dice,0.48,0.74156,0.77513,0.75878,0.74156,0.65975,0.89212,0.89212,0.08921,0.65975
typo,"(2, 3)",3.0,2.0,True,0.0,geo,0.64,0.72956,0.75971,0.74082,0.72956,0.65145,0.87137,0.87137,0.08714,0.65145
typo,"(2, 3)",3.0,2.0,True,0.5,geo,0.59,0.74175,0.77236,0.75477,0.74175,0.6639,0.88382,0.88382,0.08838,0.6639
typo,"(2, 3)",3.0,2.0,True,1.0,geo,0.54,0.76126,0.79317,0.77487,0.76126,0.6805,0.90456,0.90456,0.09046,0.6805
typo,"(2, 3)",4.0,1.0,False,0.0,dice,0.34,0.63602,0.68221,0.65881,0.63602,0.52282,0.84647,0.84647,0.08465,0.52282
typo,"(2, 3)",4.0,1.0,False,0.5,dice,0.32,0.6553,0.70048,0.677,0.6553,0.54357,0.85892,0.85892,0.08589,0.54357
typo,"(2, 3)",4.0,1.0,False,1.0,dice,0.35,0.66069,0.70686,0.68312,0.66069,0.54772,0.86722,0.86722,0.08672,0.54772
typo,"(2, 3)",4.0,1.0,True,0.0,dice,0.4,0.63916,0.67775,0.65623,0.63916,0.52697,0.82158,0.82158,0.08216,0.52697
typo,"(2, 3)",4.0,1.0,True,0.5,dice,0.43,0.66503,0.70155,0.6758,0.66503,0.56846,0.83817,0.83817,0.08382,0.56846
typo,"(2, 3)",4.0,1.0,True,1.0,dice,0.42,0.67803,0.71958,0.68887,0.67803,0.58506,0.86722,0.86722,0.08672,0.58506
typo,"(2, 3)",4.0,1.0,True,0.0,geo,0.46,0.6587,0.6985,0.67846,0.6587,0.55187,0.84232,0.84232,0.08423,0.55187
typo,"(2, 3)",4.0,1.0,True,0.5,geo,0.46,0.68132,0.7176,0.69618,0.68132,0.58506,0.85062,0.85062,0.08506,0.58506
typo,"(2, 3)",4.0,1.0,True,1.0,geo,0.44,0.69667,0.73276,0.70935,0.69667,0.60166,0.86307,0.86307,0.08631,0.60166
typo,"(2, 3)",4.0,2.0,False,0.0,dice,0.42,0.63212,0.67683,0.65179,0.63212,0.52282,0.83817,0.83817,0.08382,0.52282
typo,"(2, 3)",4.0,2.0,False,0.5,dice,0.43,0.64359,0.68823,0.66714,0.64359,0.53112,0.84647,0.84647,0.08465,0.53112
typo,"(2, 3)",4.0,2.0,False,1.0,dice,0.44,0.65258,0.6985,0.67474,0.65258,0.53942,0.85892,0.85892,0.08589,0.53942
typo,"(2, 3)",4.0,2.0,True,0.0,dice,0.5,0.59195,0.63043,0.60243,0.59195,0.48963,0.78008,0.78008,0.07801,0.48963
typo,"(2, 3)",4.0,2.0,True,0.5,dice,0.48,0.61631,0.65341,0.62953,0.61631,0.52282,0.79668,0.79668,0.07967,0.52282
typo,"(2, 3)",4.0,2.0,True,1.0,dice,0.5,0.62666,0.66936,0.63879,0.62666,0.52697,0.82573,0.82573,0.08257,0.52697
typo,"(2, 3)",4.0,2.0,True,0.0,geo,0.67,0.60975,0.65168,0.62666,0.60975,0.49793,0.80498,0.80498,0.0805,0.49793
typo,"(2, 3)",4.0,2.0,True,0.5,geo,0.63,0.6375,0.67725,0.65232,0.6375,0.53112,0.82158,0.82158,0.08216,0.53112
typo,"(2, 3)",4.0,2.0,True,1.0,geo,0.6,0.65116,0.68858,0.6663,0.65116,0.54772,0.82573,0.82573,0.08257,0.54772
typo,"(2, 4)",0.0,1.0,False,0.0,dice,0.34,0.82792,0.84718,0.83917,0.82792,0.78423,0.91701,0.91701,0.0917,0.78423
typo,"(2, 4)",0.0,1.0,False,0.5,dice,0.29,0.85781,0.87578,0.8703,0.85781,0.80913,0.93776,0.93776,0.09378,0.80913
typo,"(2, 4)",0.0,1.0,False,1.0,dice,0.37,0.85781,0.87578,0.8703,0.85781,0.80913,0.93776,0.93776,0.09378,0.80913
typo,"(2, 4)",0.0,1.0,True,0.0,dice,0.42,0.8594,0.87994,0.87199,0.8594,0.81328,0.95021,0.95021,0.09502,0.81328
typo,"(2, 4)",0.0,1.0,True,0.5,dice,0.39,0.86579,0.88484,0.87792,0.86579,0.82158,0.95021,0.95021,0.09502,0.82158
typo,"(2, 4)",0.0,1.0,True,1.0,dice,0.4,0.86897,0.88843,0.8816,0.86897,0.82573,0.95436,0.95436,0.09544,0.82573
typo,"(2, 4)",0.0,1.0,True,0.0,geo,0.47,0.85884,0.87956,0.8702,0.85884,0.81328,0.95021,0.95021,0.09502,0.81328
typo,"(2, 4)",0.0,1.0,True,0.5,geo,0.45,0.85806,0.88026,0.87242,0.85806,0.80913,0.95436,0.95436,0.09544,0.80913
typo,"(2, 4)",0.0,1.0,True,1.0,geo,0.4,0.86542,0.88568,0.87774,0.86542,0.82158,0.95436,0.95436,0.09544,0.82158
typo,"(2, 4)",0.0,2.0,False,0.0,dice,0.38,0.83922,0.85817,0.85022,0.83922,0.79253,0.92531,0.92531,0.09253,0.79253
typo,"(2, 4)",0.0,2.0,False,0.5,dice,0.43,0.86265,0.88062,0.87528,0.86265,0.81328,0.94191,0.94191,0.09419,0.81328
typo,"(2, 4)",0.0,2.0,False,1.0,dice,0.47,0.86618,0.88573,0.87914,0.86618,0.81743,0.95021,0.95021,0.09502,0.81743
typo,"(2, 4)",0.0,2.0,True,0.0,dice,0.45,0.88132,0.90022,0.89323,0.88132,0.83402,0.96266,0.96266,0.09627,0.83402
typo,"(2, 4)",0.0,2.0,True,0.5,dice,0.53,0.88847,0.90554,0.89997,0.88847,0.84647,0.96266,0.96266,0.09627,0.84647
typo,"(2, 4)",0.0,2.0,True,1.0,dice,0.51,0.88992,0.90673,0.90098,0.88992,0.84647,0.96266,0.96266,0.09627,0.84647
typo,"(2, 4)",0.0,2.0,True,0.0,geo,0.61,0.87574,0.89582,0.88752,0.87574,0.82988,0.96266,0.96266,0.09627,0.82988
typo,"(2, 4)",0.0,2.0,True,0.5,geo,0.5,0.88613,0.90379,0.89683,0.88613,0.84232,0.96266,0.96266,0.09627,0.84232
typo,"(2, 4)",0.0,2.0,True,1.0,geo,0.51,0.88434,0.90252,0.8953,0.88434,0.83817,0.96266,0.96266,0.09627,0.83817
typo,"(2, 4)",0.5,1.0,False,0.0,dice,0.32,0.82078,0.842,0.83517,0.82078,0.77178,0.91701,0.91701,0.0917,0.77178
typo,"(2, 4)",0.5,1.0,False,0.5,dice,0.33,0.83956,0.86001,0.85323,0.83956,0.78838,0.92946,0.92946,0.09295,0.78838
typo,"(2, 4)",0.5,1.0,False,1.0,dice,0.34,0.84773,0.86718,0.85891,0.84773,0.80083,0.93361,0.93361,0.09336,0.80083
typo,"(2, 4)",0.5,1.0,True,0.0,dice,0.41,0.86637,0.88635,0.8774,0.86637,0.82158,0.95436,0.95436,0.09544,0.82158
typo,"(2, 4)",0.5,1.0,True,0.5,dice,0.43,0.86535,0.88802,0.87652,0.86535,0.81743,0.96266,0.96266,0.09627,0.81743
typo,"(2, 4)",0.5,1.0,True,1.0,dice,0.38,0.86688,0.88935,0.87885,0.86688,0.81743,0.96266,0.96266,0.09627,0.81743
typo,"(2, 4)",0.5,1.0,True,0.0,geo,0.47,0.85977,0.87803,0.87263,0.85977,0.80913,0.94191,0.94191,0.09419,0.80913
typo,"(2, 4)",0.5,1.0,True,0.5,geo,0.52,0.86282,0.88386,0.87481,0.86282,0.81328,0.95436,0.95436,0.09544,0.81328
typo,"(2, 4)",0.5,1.0,True,1.0,geo,0.46,0.8663,0.88649,0.87867,0.8663,0.81743,0.95436,0.95436,0.09544,0.81743
typo,"(2, 4)",0.5,2.0,False,0.0,dice,0.42,0.83351,0.85403,0.84721,0.83351,0.78423,0.92531,0.92531,0.09253,0.78423
typo,"(2, 4)",0.5,2.0,False,0.5,dice,0.47,0.85281,0.87113,0.86556,0.85281,0.80083,0.93361,0.93361,0.09336,0.80083
typo,"(2, 4)",0.5,2.0,False,1.0,dice,0.49,0.8616,0.88236,0.87302,0.8616,0.81328,0.95021,0.95021,0.09502,0.81328
typo,"(2, 4)",0.5,2.0,True,0.0,dice,0.58,0.8824,0.90099,0.89579,0.8824,0.83817,0.96266,0.96266,0.09627,0.83817
typo,"(2, 4)",0.5,2.0,True,0.5,dice,0.42,0.88651,0.90544,0.89882,0.88651,0.83817,0.9668,0.9668,0.09668,0.83817
typo,"(2, 4)",0.5,2.0,True,1.0,dice,0.52,0.88844,0.90704,0.90173,0.88844,0.83817,0.9668,0.9668,0.09668,0.83817
typo,"(2, 4)",0.5,2.0,True,0.0,geo,0.59,0.87994,0.8992,0.89247,0.87994,0.83402,0.96266,0.96266,0.09627,0.83402
typo,"(2, 4)",0.5,2.0,True,0.5,geo,0.56,0.88277,0.9026,0.89592,0.88277,0.83402,0.9668,0.9668,0.09668,0.83402
typo,"(2, 4)",0.5,2.0,True,1.0,geo,0.62,0.88513,0.9057,0.89758,0.88513,0.83402,0.97095,0.97095,0.0971,0.83402
typo,"(2, 4)",1.0,1.0,False,0.0,dice,0.57,0.81501,0.83649,0.82841,0.81501,0.76763,0.91286,0.91286,0.09129,0.76763
typo,"(2, 4)",1.0,1.0,False,0.5,dice,0.39,0.8303,0.85092,0.84405,0.8303,0.77593,0.92116,0.92116,0.09212,0.77593
typo,"(2, 4)",1.0,1.0,False,1.0,dice,0.38,0.83322,0.85413,0.84745,0.83322,0.78008,0.92531,0.92531,0.09253,0.78008
typo,"(2, 4)",1.0,1.0,True,0.0,dice,0.47,0.85998,0.8806,0.8712,0.85998,0.80913,0.95021,0.95021,0.09502,0.80913
typo,"(2, 4)",1.0,1.0,True,0.5,dice,0.41,0.86534,0.88466,0.87492,0.86534,0.81743,0.95021,0.95021,0.09502,0.81743
typo,"(2, 4)",1.0,1.0,True,1.0,dice,0.41,0.86532,0.8872,0.87761,0.86532,0.81328,0.95851,0.95851,0.09585,0.81328
typo,"(2, 4)",1.0,1.0,True,0.0,geo,0.51,0.8565,0.87795,0.86734,0.8565,0.80498,0.95021,0.95021,0.09502,0.80498
typo,"(2, 4)",1.0,1.0,True,0.5,geo,0.52,0.86153,0.88171,0.87237,0.86153,0.81328,0.95021,0.95021,0.09502,0.81328
typo,"(2, 4)",1.0,1.0,True,1.0,geo,0.51,0.8658,0.88727,0.87521,0.8658,0.81743,0.95851,0.95851,0.09585,0.81743
typo,"(2, 4)",1.0,2.0,False,0.0,dice,0.43,0.81736,0.83923,0.83263,0.81736,0.76763,0.91701,0.91701,0.0917,0.76763
typo,"(2, 4)",1.0,2.0,False,0.5,dice,0.41,0.83419,0.85585,0.84934,0.83419,0.78008,0.92946,0.92946,0.09295,0.78008
typo,"(2, 4)",1.0,2.0,False,1.0,dice,0.4,0.83719,0.85934,0.85268,0.83719,0.78008,0.93361,0.93361,0.09336,0.78008
typo,"(2, 4)",1.0,2.0,True,0.0,dice,0.48,0.87085,0.89153,0.88617,0.87085,0.81743,0.95851,0.95851,0.09585,0.81743
typo,"(2, 4)",1.0,2.0,True,0.5,dice,0.51,0.87499,0.89577,0.89068,0.87499,0.82158,0.96266,0.96266,0.09627,0.82158
typo,"(2, 4)",1.0,2.0,True,1.0,dice,0.47,0.87918,0.89907,0.89369,0.87918,0.82573,0.96266,0.96266,0.09627,0.82573
typo,"(2, 4)",1.0,2.0,True,0.0,geo,0.53,0.86582,0.88761,0.87935,0.86582,0.80913,0.95851,0.95851,0.09585,0.80913
typo,"(2, 4)",1.0,2.0,True,0.5,geo,0.55,0.87475,0.89427,0.88896,0.87475,0.82158,0.95851,0.95851,0.09585,0.82158
typo,"(2, 4)",1.0,2.0,True,1.0,geo,0.58,0.87909,0.90123,0.89198,0.87909,0.82573,0.97095,0.97095,0.0971,0.82573
typo,"(2, 4)",2.0,1.0,False,0.0,dice,0.42,0.78104,0.80372,0.7915,0.78104,0.72199,0.88797,0.88797,0.0888,0.72199
typo,"(2, 4)",2.0,1.0,False,0.5,dice,0.36,0.79251,0.8165,0.80574,0.79251,0.72614,0.90041,0.90041,0.09004,0.72614
typo,"(2, 4)",2.0,1.0,False,1.0,dice,0.36,0.79252,0.81761,0.80818,0.79252,0.72199,0.90456,0.90456,0.09046,0.72199
typo,"(2, 4)",2.0,1.0,True,0.0,dice,0.4,0.82949,0.85302,0.84052,0.82949,0.77178,0.93361,0.93361,0.09336,0.77178
typo,"(2, 4)",2.0,1.0,True,0.5,dice,0.4,0.83404,0.85879,0.84503,0.83404,0.77593,0.94191,0.94191,0.09419,0.77593
typo,"(2, 4)",2.0,1.0,True,1.0,dice,0.41,0.83858,0.86223,0.85122,0.83858,0.78008,0.94191,0.94191,0.09419,0.78008
typo,"(2, 4)",2.0,1.0,True,0.0,geo,0.46,0.82493,0.8508,0.8372,0.82493,0.76349,0.93776,0.93776,0.09378,0.76349
typo,"(2, 4)",2.0,1.0,True,0.5,geo,0.48,0.83,0.85581,0.84197,0.83,0.76763,0.94191,0.94191,0.09419,0.76763
typo,"(2, 4)",2.0,1.0,True,1.0,geo,0.53,0.83359,0.8584,0.84583,0.83359,0.77178,0.94191,0.94191,0.09419,0.77178
typo,"(2, 4)",2.0,2.0,False,0.0,dice,0.44,0.76691,0.79204,0.7812,0.76691,0.70124,0.88382,0.88382,0.08838,0.70124
typo,"(2, 4)",2.0,2.0,False,0.5,dice,0.41,0.77707,0.80261,0.79303,0.77707,0.70124,0.89212,0.89212,0.08921,0.70124
typo,"(2, 4)",2.0,2.0,False,1.0,dice,0.46,0.78141,0.80792,0.79718,0.78141,0.70539,0.90041,0.90041,0.09004,0.70539
typo,"(2, 4)",2.0,2.0,True,0.0,dice,0.51,0.82888,0.85504,0.83873,0.82888,0.77178,0.94191,0.94191,0.09419,0.77178
typo,"(2, 4)",2.0,2.0,True,0.5,dice,0.47,0.8338,0.86,0.84449,0.8338,0.77593,0.94606,0.94606,0.09461,0.77593
typo,"(2, 4)",2.0,2.0,True,1.0,dice,0.45,0.84385,0.86777,0.86092,0.84385,0.78838,0.94606,0.94606,0.09461,0.78838
typo,"(2, 4)",2.0,2.0,True,0.0,geo,0.63,0.82201,0.85097,0.83349,0.82201,0.75934,0.94606,0.94606,0.09461,0.75934
typo,"(2, 4)",2.0,2.0,True,0.5,geo,0.57,0.8308,0.85775,0.84244,0.8308,0.76763,0.94606,0.94606,0.09461,0.76763
typo,"(2, 4)",2.0,2.0,True,1.0,geo,0.59,0.84162,0.86587,0.85154,0.84162,0.78423,0.94606,0.94606,0.09461,0.78423
typo,"(2, 4)",3.0,1.0,False,0.0,dice,0.71,0.751,0.77682,0.76706,0.751,0.68465,0.87137,0.87137,0.08714,0.68465
typo,"(2, 4)",3.0,1.0,False,0.5,dice,0.55,0.76646,0.79391,0.78271,0.76646,0.69295,0.88797,0.88797,0.0888,0.69295
typo,"(2, 4)",3.0,1.0,False,1.0,dice,0.47,0.76907,0.79713,0.78616,0.76907,0.69295,0.89212,0.89212,0.08921,0.69295
typo,"(2, 4)",3.0,1.0,True,0.0,dice,0.57,0.77063,0.79804,0.78846,0.77063,0.6971,0.89212,0.89212,0.08921,0.6971
typo,"(2, 4)",3.0,1.0,True,0.5,dice,0.67,0.77934,0.80561,0.79617,0.77934,0.70539,0.89627,0.89627,0.08963,0.70539
typo,"(2, 4)",3.0,1.0,True,1.0,dice,0.52,0.7823,0.8088,0.79933,0.7823,0.70539,0.90041,0.90041,0.09004,0.70539
typo,"(2, 4)",3.0,1.0,True,0.0,geo,0.51,0.77518,0.8023,0.79269,0.77518,0.70124,0.89627,0.89627,0.08963,0.70124
typo,"(2, 4)",3.0,1.0,True,0.5,geo,0.55,0.78853,0.81336,0.80546,0.78853,0.71784,0.90041,0.90041,0.09004,0.71784
typo,"(2, 4)",3.0,1.0,True,1.0,geo,0.46,0.79562,0.82178,0.81015,0.79562,0.72614,0.91286,0.91286,0.09129,0.72614
typo,"(2, 4)",3.0,2.0,False,0.0,dice,0.44,0.73864,0.76424,0.7558,0.73864,0.66805,0.85892,0.85892,0.08589,0.66805
typo,"(2, 4)",3.0,2.0,False,0.5,dice,0.46,0.75502,0.78183,0.77332,0.75502,0.6805,0.87552,0.87552,0.08755,0.6805
typo,"(2, 4)",3.0,2.0,False,1.0,dice,0.45,0.75561,0.78486,0.77658,0.75561,0.6722,0.88382,0.88382,0.08838,0.6722
typo,"(2, 4)",3.0,2.0,True,0.0,dice,0.53,0.71411,0.74517,0.72979,0.71411,0.62656,0.85892,0.85892,0.08589,0.62656
typo,"(2, 4)",3.0,2.0,True,0.5,dice,0.57,0.73387,0.76473,0.75258,0.73387,0.65145,0.87552,0.87552,0.08755,0.65145
typo,"(2, 4)",3.0,2.0,True,1.0,dice,0.53,0.74981,0.78025,0.76656,0.74981,0.6722,0.88797,0.88797,0.0888,0.6722
typo,"(2, 4)",3.0,2.0,True,0.0,geo,0.53,0.72472,0.75745,0.74162,0.72472,0.639,0.87552,0.87552,0.08755,0.639
typo,"(2, 4)",3.0,2.0,True,0.5,geo,0.61,0.74289,0.77489,0.75993,0.74289,0.65975,0.88797,0.88797,0.0888,0.65975
typo,"(2, 4)",3.0,2.0,True,1.0,geo,0.61,0.75931,0.7931,0.77609,0.75931,0.6805,0.90871,0.90871,0.09087,0.6805
typo,"(2, 4)",4.0,1.0,False,0.0,dice,0.33,0.7314,0.76242,0.74834,0.7314,0.6556,0.87137,0.87137,0.08714,0.6556
typo,"(2, 4)",4.0,1.0,False,0.5,dice,0.34,0.74845,0.77962,0.76825,0.74845,0.6639,0.88382,0.88382,0.08838,0.6639
typo,"(2, 4)",4.0,1.0,False,1.0,dice,0.32,0.75336,0.78328,0.77339,0.75336,0.6722,0.88382,0.88382,0.08838,0.6722
typo,"(2, 4)",4.0,1.0,True,0.0,dice,0.34,0.67391,0.70995,0.69073,0.67391,0.56846,0.83817,0.83817,0.08382,0.56846
typo,"(2, 4)",4.0,1.0,True,0.5,dice,0.32,0.69185,0.72548,0.70775,0.69185,0.59751,0.84647,0.84647,0.08465,0.59751
typo,"(2, 4)",4.0,1.0,True,1.0,dice,0.32,0.7028,0.73836,0.72097,0.7028,0.60996,0.86307,0.86307,0.08631,0.60996
typo,"(2, 4)",4.0,1.0,True,0.0,geo,0.33,0.69095,0.72452,0.70585,0.69095,0.59751,0.84647,0.84647,0.08465,0.59751
typo,"(2, 4)",4.0,1.0,True,0.5,geo,0.33,0.70563,0.73906,0.71999,0.70563,0.61826,0.85892,0.85892,0.08589,0.61826
typo,"(2, 4)",4.0,1.0,True,1.0,geo,0.33,0.72357,0.75601,0.73581,0.72357,0.639,0.87137,0.87137,0.08714,0.639
typo,"(2, 4)",4.0,2.0,False,0.0,dice,0.32,0.72144,0.75253,0.73851,0.72144,0.64315,0.86307,0.86307,0.08631,0.64315
typo,"(2, 4)",4.0,2.0,False,0.5,dice,0.35,0.73279,0.76519,0.75264,0.73279,0.6473,0.87552,0.87552,0.08755,0.6473
typo,"(2, 4)",4.0,2.0,False,1.0,dice,0.32,0.73701,0.76841,0.75869,0.73701,0.65145,0.87552,0.87552,0.08755,0.65145
typo,"(2, 4)",4.0,2.0,True,0.0,dice,0.38,0.60024,0.64343,0.61645,0.60024,0.49378,0.80083,0.80083,0.08008,0.49378
typo,"(2, 4)",4.0,2.0,True,0.5,dice,0.32,0.61635,0.65892,0.63497,0.61635,0.51037,0.81328,0.81328,0.08133,0.51037
typo,"(2, 4)",4.0,2.0,True,1.0,dice,0.35,0.63951,0.67971,0.65549,0.63951,0.53942,0.82573,0.82573,0.08257,0.53942
typo,"(2, 4)",4.0,2.0,True,0.0,geo,0.38,0.61933,0.66022,0.63473,0.61933,0.51037,0.80913,0.80913,0.08091,0.51037
typo,"(2, 4)",4.0,2.0,True,0.5,geo,0.39,0.63953,0.67882,0.65132,0.63953,0.53527,0.82158,0.82158,0.08216,0.53527
typo,"(2, 4)",4.0,2.0,True,1.0,geo,0.4,0.65711,0.6939,0.66766,0.65711,0.55602,0.82988,0.82988,0.08299,0.55602
