n,idf_exponent,dim,normalize,position_weight,denominator,mean_rank,worst_rank,mean_normalized_map,map_abtbuy,map_ermagellan,map_typo,map_typo_brutal,map_typo_hard,map_typo_ms
"(2,)",0.5,1.0,True,1.0,geo,72.0,202,0.8674,0.838,0.69773,0.9037,0.16758,0.73303,0.87207
"(2, 4)",0.5,2.0,True,1.0,geo,73.67,201,0.8788,0.83967,0.76708,0.88513,0.17544,0.73255,0.85772
"(2, 3)",0.5,2.0,True,1.0,geo,74.0,176,0.8727,0.85806,0.76381,0.8838,0.16051,0.73227,0.85778
"(2, 4)",1.0,2.0,True,1.0,geo,74.83,151,0.881,0.87591,0.81023,0.87909,0.15562,0.72886,0.84641
"(2,)",0.5,1.0,True,0.5,geo,76.5,179,0.8619,0.85724,0.68995,0.90051,0.15614,0.73111,0.86826
"(2,)",0.5,1.0,True,1.0,dice,76.67,237,0.8447,0.84261,0.50351,0.90234,0.18025,0.73807,0.87652
"(2, 3)",1.0,2.0,True,1.0,geo,77.83,118,0.8671,0.88563,0.8057,0.88053,0.13693,0.73014,0.84533
"(2, 3)",1.0,2.0,True,1.0,dice,79.0,170,0.8629,0.86958,0.7167,0.88313,0.15395,0.73585,0.85612
"(2,)",1.0,1.0,True,1.0,geo,79.0,145,0.8727,0.87712,0.77438,0.90584,0.1424,0.72278,0.85646
"(2,)",1.0,1.0,True,1.0,dice,79.17,203,0.8537,0.86702,0.62382,0.90388,0.15661,0.73246,0.86159
"(2,)",0.5,1.0,True,0.5,dice,79.67,239,0.8269,0.8464,0.49064,0.90331,0.16364,0.74036,0.87231
"(2, 4)",1.0,2.0,True,1.0,dice,79.67,174,0.8625,0.85929,0.70534,0.87918,0.1641,0.73378,0.85495
"(2, 3)",0.5,2.0,True,1.0,dice,79.67,207,0.8463,0.83065,0.61767,0.88583,0.17155,0.74694,0.86786
"(2, 4)",0.5,2.0,True,0.5,geo,80.0,185,0.8709,0.85362,0.76464,0.88277,0.16386,0.72772,0.85435
"(2, 4)",0.5,2.0,True,1.0,dice,81.0,210,0.8553,0.82821,0.62111,0.88844,0.18405,0.73897,0.86227
"(2, 4)",0.0,2.0,True,1.0,geo,83.67,239,0.8407,0.79587,0.71861,0.88434,0.16912,0.72792,0.87396
"(2, 4)",0.5,2.0,True,0.5,dice,83.67,209,0.8409,0.83566,0.61001,0.88651,0.17042,0.73854,0.85798
"(2, 4)",0.0,2.0,True,1.0,dice,83.83,251,0.8157,0.77611,0.59308,0.88992,0.17393,0.74398,0.875
"(2, 4)",0.0,2.0,True,0.5,geo,84.83,228,0.8398,0.80417,0.7229,0.88613,0.16394,0.72654,0.86915
"(2, 4)",0.0,2.0,True,0.5,dice,84.83,231,0.8237,0.80177,0.59123,0.88847,0.17166,0.73719,0.87161
"(2,)",0.0,1.0,True,1.0,dice,86.83,252,0.7687,0.76985,0.37849,0.894,0.17204,0.74146,0.88374
"(2, 4)",1.0,2.0,True,0.5,geo,87.5,126,0.865,0.88322,0.80409,0.87475,0.14222,0.72196,0.84261
"(2, 3)",0.5,1.0,True,1.0,geo,88.17,180,0.8511,0.85658,0.77631,0.87434,0.14251,0.73069,0.8556
"(2,)",0.5,1.0,True,0.0,geo,88.17,185,0.8513,0.87548,0.6835,0.89643,0.14248,0.72353,0.86304
"(2, 3)",0.5,2.0,True,0.5,dice,88.67,208,0.8295,0.84181,0.61143,0.88206,0.1575,0.73775,0.85805
"(2, 3)",0.0,2.0,True,1.0,geo,88.83,235,0.8268,0.799,0.71517,0.88115,0.15546,0.73044,0.87239
"(2,)",0.0,1.0,True,0.5,dice,88.83,247,0.769,0.78212,0.38022,0.893,0.16783,0.73657,0.8812
"(2,)",0.5,1.0,True,0.0,dice,89.33,240,0.8129,0.85493,0.48043,0.89986,0.15359,0.73301,0.86372
"(2,)",1.0,1.0,True,0.5,dice,89.5,207,0.8403,0.87273,0.61492,0.89702,0.14911,0.73003,0.85038
"(2, 3)",0.0,2.0,True,1.0,dice,90.0,249,0.8001,0.78166,0.55163,0.88369,0.16813,0.73926,0.87466
"(2,)",0.0,1.0,True,1.0,geo,90.17,250,0.8069,0.78059,0.57949,0.89378,0.16583,0.72971,0.88354
"(2, 3)",0.5,2.0,True,0.5,geo,90.5,158,0.8567,0.87211,0.76519,0.87834,0.14397,0.72365,0.85008
"(2, 3)",1.0,2.0,True,0.5,geo,91.0,110,0.8537,0.88919,0.79867,0.875,0.12872,0.72445,0.84069
"(2, 3)",0.0,2.0,True,0.5,geo,91.17,220,0.824,0.81007,0.71821,0.88219,0.14709,0.73066,0.86719
"(2,)",1.0,1.0,True,0.5,geo,91.17,142,0.8565,0.88098,0.7602,0.90071,0.13412,0.71867,0.84525
"(2, 3)",1.0,2.0,True,0.5,dice,92.0,174,0.8449,0.87164,0.70156,0.8799,0.14324,0.73151,0.84867
"(2, 4)",0.5,2.0,True,0.0,geo,92.17,170,0.8546,0.86238,0.75739,0.87994,0.14971,0.71924,0.84994
"(2, 3)",1.0,1.0,True,1.0,geo,92.83,119,0.8489,0.88655,0.8156,0.87567,0.12407,0.71853,0.83892
"(2, 3)",0.5,1.0,True,1.0,dice,93.0,209,0.821,0.83,0.6527,0.87798,0.14667,0.74082,0.86223
"(2, 3)",1.0,1.0,True,1.0,dice,93.67,162,0.8416,0.8698,0.72927,0.87852,0.13536,0.73198,0.84989
"(2, 4)",1.0,2.0,True,0.5,dice,94.17,178,0.8482,0.86754,0.69166,0.87499,0.15299,0.7277,0.85125
"(2,)",0.0,1.0,True,0.5,geo,94.33,236,0.8039,0.79708,0.57932,0.89293,0.15662,0.72476,0.88055
"(2, 3)",0.0,2.0,True,0.5,dice,94.83,242,0.7956,0.7907,0.55936,0.88288,0.16087,0.73358,0.86916
"(2, 4)",0.0,2.0,True,0.0,dice,98.0,232,0.8044,0.80034,0.59274,0.88132,0.15974,0.72732,0.86932
"(2, 4)",0.5,2.0,True,0.0,dice,98.17,212,0.8204,0.84234,0.6043,0.8824,0.15378,0.7315,0.8508
"(2, 4)",0.0,2.0,True,0.0,geo,98.17,205,0.8333,0.83363,0.72608,0.87574,0.1488,0.71331,0.86906
"(2,)",1.0,1.0,True,0.0,geo,99.17,144,0.8399,0.89626,0.75742,0.88757,0.12123,0.70692,0.83735
"(2, 3)",0.5,2.0,True,0.0,geo,101.17,144,0.8419,0.87738,0.76706,0.87694,0.13062,0.71572,0.8454
"(2, 3)",0.0,1.0,True,1.0,dice,101.83,246,0.7855,0.78693,0.59235,0.87904,0.14759,0.73245,0.8712
"(2, 3)",1.0,1.0,True,0.5,geo,102.0,131,0.8312,0.88419,0.81514,0.86643,0.11346,0.71321,0.83882
"(2, 3)",0.5,1.0,True,0.5,geo,102.5,161,0.8371,0.87099,0.77727,0.87099,0.12789,0.71946,0.84779
"(2, 4)",1.0,1.0,True,1.0,geo,103.0,146,0.8449,0.87692,0.82234,0.8658,0.13664,0.69734,0.83188
"(2, 3)",0.0,2.0,True,0.0,dice,103.0,229,0.7946,0.80358,0.56464,0.87774,0.15572,0.72785,0.86822
"(2, 3)",0.5,2.0,True,0.0,dice,103.17,214,0.8144,0.85662,0.59781,0.87824,0.14358,0.72749,0.85281
"(2, 3)",0.0,2.0,True,0.0,geo,104.0,211,0.8221,0.82816,0.72028,0.87566,0.14249,0.71628,0.86478
"(2, 4)",1.0,2.0,True,0.0,geo,104.0,121,0.8404,0.88786,0.79856,0.86582,0.12588,0.71329,0.83283
"(2, 3)",1.0,2.0,True,0.0,geo,104.0,132,0.8307,0.89304,0.79663,0.87142,0.11267,0.70932,0.83362
"(2, 4)",1.0,2.0,True,0.0,dice,104.83,182,0.8338,0.88447,0.68642,0.87085,0.13666,0.72344,0.84133
"(2, 3)",0.5,1.0,True,0.5,dice,104.83,194,0.8157,0.84953,0.64708,0.87454,0.13982,0.72937,0.85208
"(2, 3)",0.0,1.0,True,1.0,geo,105.5,234,0.8036,0.79925,0.71858,0.87533,0.13754,0.72519,0.86682
"(2,)",0.0,1.0,True,0.0,dice,106.83,250,0.7453,0.78189,0.37313,0.88762,0.15565,0.72351,0.87063
"(2, 3)",0.0,1.0,True,0.5,dice,107.17,240,0.7839,0.79501,0.59695,0.87836,0.14295,0.73021,0.86652
"(2, 4)",1.0,1.0,True,0.5,geo,108.0,125,0.8339,0.88739,0.81576,0.86153,0.12633,0.68905,0.82966
"(2, 4)",0.0,2.0,False,1.0,dice,108.17,264,0.6767,0.70857,0.23057,0.86618,0.1622,0.73464,0.87484
"(2,)",1.0,1.0,True,0.0,dice,108.33,213,0.8161,0.87369,0.59802,0.89071,0.13766,0.71842,0.83966
"(2, 3)",0.0,1.0,True,0.5,geo,108.5,221,0.8043,0.81003,0.72323,0.87371,0.13491,0.72463,0.85775
"(2, 4)",0.5,1.0,True,1.0,geo,108.67,193,0.8354,0.8464,0.78617,0.8663,0.14591,0.70675,0.84079
"(2, 3)",0.0,2.0,False,1.0,dice,109.67,267,0.6757,0.71292,0.22091,0.86394,0.16031,0.73332,0.88046
"(2, 3)",0.5,1.0,True,0.0,geo,109.83,140,0.8251,0.8788,0.77319,0.86869,0.11701,0.71126,0.84471
"(2, 4)",0.5,2.0,False,1.0,dice,110.17,235,0.7869,0.80318,0.52702,0.8616,0.16336,0.72492,0.86852
"(2, 3)",2.0,1.0,True,1.0,geo,110.33,149,0.7885,0.89536,0.87648,0.84324,0.09266,0.65796,0.79452
"(2,)",0.0,1.0,True,0.0,geo,110.67,228,0.7852,0.80467,0.57046,0.88724,0.14569,0.71314,0.86758
"(2, 3)",0.5,2.0,False,1.0,dice,110.67,242,0.7678,0.80661,0.46777,0.8583,0.1528,0.72904,0.87561
"(2, 3)",2.0,1.0,True,0.5,geo,111.5,151,0.7817,0.90267,0.87433,0.8397,0.08969,0.65018,0.7832
"(2, 3)",1.0,1.0,True,0.5,dice,111.67,171,0.8188,0.86181,0.7223,0.87244,0.12602,0.7252,0.84144
"(2, 3)",2.0,2.0,True,1.0,geo,111.83,147,0.7838,0.89526,0.86801,0.84424,0.09375,0.65159,0.78696
"(2, 3)",1.0,2.0,True,0.0,dice,111.83,177,0.821,0.87977,0.69238,0.87237,0.12651,0.71748,0.84204
"(2, 4)",0.0,2.0,False,0.5,dice,112.0,264,0.6719,0.70394,0.23154,0.86265,0.16162,0.73357,0.87459
"(2, 3)",1.0,1.0,True,0.0,geo,112.17,135,0.8119,0.88804,0.8064,0.85988,0.1048,0.69877,0.82748
"(2, 4)",2.0,2.0,True,1.0,geo,113.0,146,0.7843,0.89951,0.86172,0.84162,0.09598,0.646,0.78659
"(2, 4)",0.5,1.0,True,1.0,dice,113.0,208,0.8186,0.83056,0.68558,0.86688,0.15478,0.71347,0.84656
"(2,)",0.0,1.0,False,1.0,dice,113.83,268,0.6307,0.67378,0.11218,0.87708,0.15962,0.72433,0.87496
"(2, 3)",0.0,1.0,False,1.0,dice,114.17,258,0.6747,0.71996,0.25331,0.86285,0.14988,0.73208,0.8797
"(2, 4)",1.0,1.0,True,0.0,geo,114.5,133,0.8133,0.88939,0.81587,0.8565,0.11367,0.67412,0.82313
"(2, 4)",1.0,1.0,True,1.0,dice,114.5,173,0.8265,0.85981,0.73678,0.86532,0.13889,0.70671,0.84539
"(2, 4)",2.0,1.0,True,1.0,geo,114.5,143,0.7888,0.89092,0.86873,0.83359,0.10306,0.65338,0.79152
"(2, 4)",2.0,1.0,True,0.5,geo,114.83,152,0.7822,0.90743,0.8611,0.83,0.10085,0.63462,0.77663
"(2, 4)",2.0,2.0,True,0.5,geo,114.83,162,0.7752,0.911,0.86544,0.8308,0.09475,0.63154,0.76684
"(2, 3)",2.0,1.0,True,0.0,geo,115.0,170,0.7658,0.91817,0.86525,0.8314,0.0792,0.63483,0.77069
"(2, 3)",2.0,2.0,True,0.5,geo,115.17,161,0.7706,0.90217,0.86613,0.84218,0.08418,0.64371,0.77528
"(2, 4)",0.5,2.0,False,0.5,dice,115.5,236,0.7749,0.8042,0.51095,0.85281,0.15906,0.72595,0.86352
"(2,)",0.0,1.0,False,0.5,dice,115.83,269,0.6268,0.66931,0.1111,0.87708,0.15913,0.72222,0.87495
"(2, 3)",0.0,2.0,False,0.5,dice,116.0,265,0.6573,0.70051,0.22615,0.86331,0.1486,0.73255,0.88042
"(2, 3)",0.0,1.0,False,0.5,dice,116.17,260,0.667,0.7116,0.2541,0.86283,0.14697,0.73164,0.8797
"(2,)",0.5,1.0,False,1.0,dice,116.17,260,0.6943,0.7449,0.24193,0.86624,0.16196,0.72362,0.86944
"(2, 4)",0.0,1.0,True,1.0,dice,116.5,243,0.7895,0.7894,0.64079,0.86897,0.15589,0.70905,0.85617
"(2, 4)",1.0,1.0,True,0.5,dice,116.67,156,0.8259,0.8811,0.73438,0.86534,0.13263,0.69818,0.83547
"(2, 3)",0.0,1.0,True,0.0,geo,116.83,206,0.8027,0.83144,0.72334,0.86855,0.12879,0.71357,0.85153
"(2, 4)",0.0,1.0,True,1.0,geo,117.83,237,0.7982,0.79645,0.73413,0.86542,0.14683,0.70013,0.85177
"(2, 4)",2.0,1.0,True,0.0,geo,118.17,159,0.7648,0.91267,0.86214,0.82493,0.08776,0.62247,0.7721
"(2, 4)",0.0,1.0,True,0.5,dice,118.5,219,0.7962,0.81098,0.64216,0.86579,0.15393,0.70574,0.85137
"(2, 3)",0.0,1.0,True,0.0,dice,119.67,223,0.7757,0.80796,0.59495,0.87352,0.13425,0.72161,0.86156
"(2, 3)",1.0,2.0,False,1.0,dice,119.83,201,0.7977,0.85725,0.63031,0.84393,0.13521,0.71838,0.85698
"(2, 3)",0.5,1.0,False,1.0,dice,120.33,241,0.755,0.80025,0.47593,0.85652,0.14542,0.72378,0.87223
"(2, 4)",2.0,2.0,True,0.0,geo,120.67,173,0.7498,0.92433,0.85709,0.82201,0.07714,0.61631,0.75136
"(2, 4)",0.5,1.0,True,0.5,geo,120.83,192,0.8183,0.84769,0.78959,0.86282,0.13449,0.6954,0.83443
"(2, 3)",0.5,2.0,False,0.5,dice,120.83,245,0.7419,0.78771,0.45178,0.85123,0.1456,0.73009,0.86954
"(2, 3)",2.0,2.0,True,0.0,geo,121.0,172,0.7501,0.9165,0.85769,0.82812,0.07729,0.62294,0.75126
"(2, 3)",0.5,1.0,True,0.0,dice,121.0,200,0.7952,0.85537,0.63523,0.87455,0.12368,0.72067,0.8453
"(2, 4)",0.0,1.0,False,1.0,dice,121.67,256,0.685,0.72385,0.30179,0.85781,0.15568,0.72918,0.86364
"(2, 4)",0.5,1.0,True,0.5,dice,121.67,197,0.8111,0.84345,0.67633,0.86535,0.14852,0.69938,0.84222
"(2, 4)",1.0,1.0,True,0.0,dice,121.67,159,0.8142,0.8876,0.73003,0.85998,0.12513,0.69056,0.82835
"(2, 3)",2.0,1.0,True,1.0,dice,122.17,140,0.7821,0.89025,0.79901,0.85151,0.09823,0.66009,0.80412
"(2, 3)",2.0,1.0,True,0.5,dice,122.5,148,0.7736,0.89654,0.80112,0.84592,0.09375,0.65039,0.79571
"(2, 3)",1.0,1.0,True,0.0,dice,122.67,171,0.8107,0.88043,0.71621,0.86267,0.11994,0.71071,0.83292
"(2, 4)",0.0,1.0,True,0.5,geo,122.83,215,0.8017,0.81766,0.73422,0.85806,0.14396,0.69654,0.84694
"(2, 3)",1.0,2.0,False,0.5,dice,124.33,206,0.7932,0.88211,0.61631,0.84214,0.12539,0.70876,0.85122
"(2, 4)",0.0,1.0,False,0.5,dice,125.67,258,0.6805,0.71905,0.31052,0.85781,0.15326,0.72548,0.86364
"(2, 4)",0.5,1.0,True,0.0,geo,125.83,169,0.809,0.86277,0.78116,0.85977,0.12451,0.68563,0.82967
"(2, 4)",2.0,1.0,True,1.0,dice,127.0,142,0.7756,0.88396,0.80599,0.83858,0.10207,0.66053,0.79374
"(2, 3)",2.0,1.0,True,0.0,dice,127.17,162,0.7552,0.90476,0.80289,0.84351,0.08373,0.63934,0.76821
"(2, 3)",1.0,1.0,False,1.0,dice,127.67,211,0.7814,0.85258,0.60461,0.84243,0.12971,0.71392,0.85505
"(2,)",2.0,1.0,True,1.0,geo,128.0,166,0.7474,0.9,0.82778,0.83689,0.0866,0.6129,0.76072
"(2, 3)",2.0,2.0,True,1.0,dice,128.5,146,0.7657,0.88478,0.7878,0.84688,0.09407,0.65411,0.7949
"(2, 4)",3.0,1.0,True,0.5,geo,128.67,191,0.6893,0.92293,0.8948,0.78853,0.06444,0.53152,0.70511
"(2, 4)",2.0,2.0,True,1.0,dice,129.17,151,0.7635,0.892,0.78761,0.84385,0.09744,0.64299,0.7789
"(2, 4)",3.0,1.0,True,1.0,geo,129.33,183,0.7061,0.90876,0.90387,0.79562,0.07359,0.5484,0.72207
"(2, 4)",1.0,2.0,False,1.0,dice,130.0,196,0.7957,0.84509,0.69388,0.83719,0.1389,0.69581,0.84933
"(2, 4)",0.0,1.0,True,0.0,geo,130.83,204,0.7949,0.83527,0.73754,0.85884,0.13316,0.67993,0.84192
"(2, 4)",2.0,1.0,True,0.5,dice,131.0,148,0.7621,0.88747,0.80015,0.83404,0.0969,0.64767,0.78394
"(2, 3)",0.5,1.0,False,0.5,dice,131.33,243,0.7325,0.79117,0.45943,0.85226,0.13551,0.72322,0.8665
"(2, 3)",2.0,2.0,True,0.5,dice,131.5,156,0.7534,0.89669,0.78976,0.84016,0.08956,0.63737,0.77294
"(2, 4)",0.0,1.0,True,0.0,dice,131.67,222,0.7768,0.80936,0.64105,0.8594,0.14203,0.69991,0.84624
"(2, 4)",3.0,1.0,True,0.0,geo,132.0,197,0.6714,0.93293,0.89169,0.77518,0.06044,0.50462,0.68892
"(2,)",0.5,1.0,False,0.5,dice,132.0,261,0.6755,0.74406,0.23815,0.8577,0.1523,0.71772,0.86173
"(2, 3)",1.0,1.0,False,0.5,dice,132.5,217,0.7797,0.88244,0.59453,0.84091,0.12008,0.70456,0.84514
"(2, 4)",0.5,1.0,True,0.0,dice,132.67,195,0.7904,0.8453,0.66855,0.86637,0.13267,0.69277,0.83508
"(2, 4)",0.5,1.0,False,1.0,dice,134.17,230,0.7607,0.81503,0.56154,0.84773,0.13962,0.7067,0.85392
"(2, 4)",2.0,2.0,True,0.5,dice,134.17,160,0.747,0.90084,0.78849,0.8338,0.08719,0.62992,0.7692
"(2,)",1.0,1.0,False,1.0,dice,134.67,248,0.736,0.81307,0.38018,0.85393,0.15345,0.71093,0.84299
"(2,)",2.0,1.0,True,0.5,geo,135.33,179,0.7233,0.90634,0.82152,0.82435,0.08334,0.58852,0.72794
"(2, 4)",2.0,1.0,True,0.0,dice,136.17,155,0.7494,0.8911,0.79355,0.82949,0.08959,0.64535,0.77346
"(2, 4)",1.0,2.0,False,0.5,dice,136.17,191,0.7834,0.849,0.68788,0.83419,0.12982,0.68867,0.84743
"(2, 3)",2.0,1.0,False,1.0,dice,136.17,162,0.7401,0.91424,0.75749,0.81539,0.08426,0.62736,0.77941
"(2, 3)",3.0,1.0,True,0.5,geo,136.67,211,0.6484,0.921,0.89853,0.76812,0.052,0.49617,0.67789
"(2, 4)",2.0,2.0,True,0.0,dice,137.17,171,0.7337,0.91086,0.78528,0.82888,0.08023,0.61983,0.75013
"(2, 3)",2.0,2.0,False,1.0,dice,137.83,167,0.7306,0.91591,0.7747,0.80885,0.08064,0.60984,0.77225
"(2, 3)",2.0,2.0,True,0.0,dice,138.17,172,0.7329,0.90419,0.7859,0.8327,0.08083,0.62253,0.74974
"(2, 3)",3.0,1.0,True,1.0,geo,138.5,205,0.6616,0.90743,0.90108,0.78128,0.05646,0.51661,0.69074
"(2, 3)",2.0,1.0,False,0.5,dice,138.67,168,0.7304,0.92675,0.75243,0.81032,0.07993,0.61066,0.76672
"(2, 3)",2.0,2.0,False,0.5,dice,139.17,171,0.7232,0.92125,0.77083,0.80457,0.07808,0.60252,0.76292
"(2, 3)",3.0,1.0,True,0.0,geo,139.33,217,0.6326,0.93267,0.89423,0.75652,0.04864,0.46818,0.663
"(2,)",2.0,1.0,True,0.0,geo,141.33,187,0.6928,0.91417,0.81418,0.80814,0.06902,0.56623,0.71126
"(2, 4)",3.0,1.0,True,0.5,dice,142.5,195,0.6568,0.91183,0.84406,0.77934,0.06171,0.51486,0.693
"(2, 4)",3.0,2.0,True,1.0,geo,142.5,203,0.6323,0.91187,0.89281,0.75931,0.05833,0.46569,0.66775
"(2, 4)",2.0,1.0,False,1.0,dice,142.5,173,0.7388,0.88396,0.77586,0.79252,0.0986,0.62611,0.80141
"(2, 3)",2.0,1.0,False,0.0,dice,143.0,177,0.7101,0.93204,0.74598,0.79591,0.07495,0.59739,0.74496
"(2, 4)",3.0,1.0,True,0.0,dice,143.0,201,0.6442,0.92033,0.83793,0.77063,0.05801,0.49906,0.68053
"(2,)",1.0,1.0,False,0.5,dice,144.17,251,0.7208,0.82397,0.3597,0.84239,0.14642,0.6969,0.84011
"(2, 4)",3.0,1.0,True,1.0,dice,144.5,190,0.6658,0.89894,0.85061,0.7823,0.06555,0.53427,0.70478
"(2, 3)",2.0,2.0,False,0.0,dice,144.5,179,0.7017,0.92204,0.76314,0.79292,0.07409,0.59261,0.73627
"(2, 4)",1.0,1.0,False,1.0,dice,144.67,189,0.7689,0.85026,0.68885,0.83322,0.12079,0.67706,0.84077
"(2, 4)",2.0,1.0,False,0.5,dice,144.67,174,0.7303,0.88678,0.77175,0.79251,0.09445,0.616,0.79549
"(2, 4)",0.5,1.0,False,0.5,dice,145.0,233,0.7445,0.8167,0.54807,0.83956,0.13346,0.69905,0.84656
"(2, 4)",3.0,2.0,True,0.5,geo,147.0,213,0.6048,0.9196,0.8863,0.74289,0.05029,0.44792,0.63592
"(2, 3)",1.0,2.0,False,0.0,dice,147.17,210,0.758,0.87898,0.60821,0.82243,0.11463,0.6897,0.82952
"(2, 4)",1.0,1.0,False,0.5,dice,147.67,187,0.7634,0.85251,0.68574,0.8303,0.11837,0.6702,0.83959
"(2, 3)",3.0,1.0,False,1.0,dice,147.67,210,0.6238,0.94117,0.82176,0.72959,0.06142,0.46142,0.66776
"(2, 3)",3.0,1.0,True,1.0,dice,148.67,200,0.633,0.90678,0.84833,0.77566,0.05809,0.48806,0.66662
"(2, 3)",3.0,2.0,True,0.5,geo,148.67,221,0.5965,0.92017,0.89467,0.74175,0.0466,0.44087,0.6236
"(2, 3)",3.0,2.0,True,1.0,geo,148.67,212,0.6154,0.90225,0.89783,0.76126,0.0505,0.46681,0.65005
"(2, 3)",0.0,2.0,False,0.0,dice,149.0,266,0.6204,0.69903,0.22266,0.83888,0.13786,0.71524,0.85166
"(2, 4)",0.5,2.0,False,0.0,dice,149.33,238,0.7337,0.80578,0.50262,0.83351,0.14357,0.69801,0.83812
"(2, 4)",0.0,2.0,False,0.0,dice,150.17,267,0.6226,0.69001,0.24409,0.83922,0.14336,0.70901,0.84868
"(2, 4)",3.0,1.0,False,0.5,dice,150.5,189,0.6738,0.89277,0.81562,0.76646,0.07442,0.54392,0.74614
"(2, 3)",3.0,2.0,True,0.0,geo,150.5,222,0.5805,0.93267,0.88334,0.72956,0.04654,0.405,0.6091
"(2, 4)",4.0,1.0,True,1.0,geo,151.0,220,0.5861,0.9146,0.89666,0.72357,0.05389,0.41518,0.6241
"(2,)",2.0,1.0,True,1.0,dice,151.33,177,0.7126,0.88267,0.75415,0.8353,0.0873,0.60995,0.73336
"(2, 3)",0.5,1.0,False,0.0,dice,151.33,244,0.7072,0.79611,0.45314,0.83175,0.12655,0.7144,0.84583
"(2, 3)",1.0,1.0,False,0.0,dice,151.33,223,0.7456,0.87921,0.58735,0.82365,0.10902,0.68616,0.82397
"(2, 4)",3.0,2.0,True,0.0,geo,151.5,224,0.5801,0.93243,0.88324,0.72472,0.04558,0.41737,0.60551
"(2, 3)",0.5,2.0,False,0.0,dice,151.67,246,0.7059,0.78816,0.4394,0.82833,0.1338,0.71349,0.84688
"(2, 3)",0.0,1.0,False,0.0,dice,151.67,262,0.6229,0.70836,0.2547,0.8378,0.12956,0.71354,0.85163
"(2, 4)",2.0,1.0,False,0.0,dice,152.0,179,0.7057,0.88511,0.76886,0.78104,0.08926,0.59378,0.77613
"(2, 4)",3.0,1.0,False,1.0,dice,152.67,185,0.6779,0.87877,0.81754,0.76907,0.07922,0.55313,0.75503
"(2, 4)",4.0,1.0,True,0.5,geo,152.67,223,0.5678,0.92876,0.89318,0.70563,0.0476,0.39772,0.60371
"(2, 4)",3.0,1.0,False,0.0,dice,152.83,198,0.6599,0.89791,0.80805,0.751,0.07505,0.52982,0.72971
"(2, 3)",3.0,1.0,True,0.5,dice,153.17,210,0.611,0.90942,0.84222,0.76764,0.05249,0.46276,0.64975
"(2, 4)",1.0,2.0,False,0.0,dice,153.5,186,0.7539,0.85508,0.68238,0.81736,0.11967,0.66539,0.82417
"(2, 3)",3.0,1.0,False,0.5,dice,154.17,216,0.6068,0.94783,0.80915,0.7214,0.05751,0.44366,0.65094
"(2, 3)",3.0,2.0,False,1.0,dice,154.67,217,0.5942,0.917,0.82936,0.72115,0.05882,0.44766,0.64531
"(2,)",2.0,1.0,True,0.5,dice,154.67,184,0.6904,0.89759,0.74037,0.82797,0.07496,0.58822,0.7164
"(2, 3)",3.0,2.0,False,0.5,dice,155.33,220,0.5878,0.94333,0.81783,0.71202,0.05473,0.42852,0.62905
"(2, 4)",1.0,1.0,False,0.0,dice,155.67,188,0.7362,0.85874,0.67816,0.81501,0.10793,0.65199,0.81871
"(2, 4)",2.0,2.0,False,1.0,dice,156.0,182,0.7049,0.85515,0.7841,0.78141,0.09116,0.61301,0.79129
"(2, 4)",2.0,2.0,False,0.5,dice,156.5,181,0.7021,0.86703,0.77619,0.77707,0.08963,0.60439,0.78565
"(2, 3)",3.0,1.0,True,0.0,dice,156.5,215,0.5901,0.9115,0.83408,0.75446,0.04882,0.44501,0.63148
"(2, 4)",4.0,1.0,True,0.0,geo,156.5,236,0.5481,0.93676,0.88885,0.69095,0.0414,0.38259,0.58343
"(2, 4)",2.0,2.0,False,0.0,dice,157.5,188,0.6863,0.88297,0.77544,0.76691,0.08261,0.58082,0.76628
"(2, 4)",4.0,1.0,False,0.5,dice,158.83,200,0.6315,0.88358,0.82563,0.74845,0.06654,0.48938,0.72439
"(2, 4)",4.0,1.0,False,1.0,dice,159.5,197,0.6343,0.87775,0.83084,0.75336,0.06839,0.49154,0.7258
"(2, 4)",4.0,1.0,False,0.0,dice,159.67,209,0.6182,0.89519,0.82141,0.7314,0.06214,0.48007,0.70958
"(2,)",2.0,1.0,True,0.0,dice,159.67,193,0.6586,0.90025,0.73539,0.81177,0.0677,0.55443,0.69184
"(2, 4)",3.0,2.0,True,1.0,dice,160.0,211,0.5921,0.90568,0.82697,0.74981,0.05308,0.4646,0.62593
"(2, 3)",3.0,1.0,False,0.0,dice,160.33,222,0.5839,0.95,0.79894,0.70575,0.0569,0.43099,0.61607
"(2, 3)",3.0,2.0,False,0.0,dice,161.0,224,0.5701,0.945,0.8069,0.70296,0.05403,0.42068,0.59892
"(2, 3)",4.0,1.0,True,0.5,geo,161.5,241,0.5157,0.92817,0.89703,0.68132,0.03977,0.32745,0.56288
"(2, 4)",3.0,2.0,False,1.0,dice,162.5,193,0.6509,0.86159,0.81424,0.75561,0.07549,0.53382,0.75076
"(2, 4)",0.5,1.0,False,0.0,dice,162.67,234,0.7181,0.81847,0.53789,0.82078,0.12854,0.67875,0.82643
"(2, 3)",4.0,1.0,False,1.0,dice,163.0,236,0.5105,0.9295,0.85686,0.66069,0.04805,0.34464,0.55339
"(2, 3)",4.0,1.0,True,1.0,geo,164.0,233,0.5256,0.9085,0.89789,0.69667,0.04287,0.35052,0.57674
"(2, 4)",3.0,2.0,False,0.5,dice,164.17,195,0.6481,0.87592,0.80347,0.75502,0.07106,0.52812,0.74408
"(2, 3)",4.0,1.0,True,0.0,geo,164.33,247,0.4963,0.93367,0.8946,0.6587,0.0367,0.31516,0.54423
"(2, 4)",3.0,2.0,True,0.5,dice,164.33,216,0.5678,0.90634,0.8271,0.73387,0.04867,0.43996,0.60648
"(2, 4)",0.0,1.0,False,0.0,dice,164.5,263,0.6276,0.70435,0.31855,0.82792,0.1368,0.69546,0.83824
"(2, 3)",3.0,2.0,True,1.0,dice,165.0,217,0.5701,0.89851,0.83581,0.74156,0.04987,0.44273,0.60583
"(2, 4)",3.0,2.0,False,0.0,dice,165.33,205,0.6317,0.88192,0.79935,0.73864,0.06951,0.51497,0.72303
"(2, 3)",4.0,1.0,False,0.5,dice,165.33,240,0.4972,0.93617,0.85348,0.6553,0.04448,0.33037,0.53424
"(2,)",0.5,1.0,False,0.0,dice,165.5,262,0.6278,0.74034,0.23399,0.83101,0.13706,0.68845,0.83283
"(2, 4)",4.0,1.0,True,0.0,dice,166.0,238,0.5145,0.9356,0.83433,0.67391,0.04099,0.3577,0.56328
"(2, 3)",4.0,2.0,False,1.0,dice,166.5,241,0.4916,0.92117,0.86186,0.65258,0.04722,0.33471,0.52822
"(2,)",1.0,1.0,False,0.0,dice,167.67,252,0.6719,0.82296,0.35057,0.82605,0.12388,0.67266,0.81115
"(2, 4)",4.0,1.0,True,0.5,dice,168.33,230,0.5239,0.91476,0.83992,0.69185,0.04355,0.38117,0.57234
"(2, 3)",4.0,2.0,False,0.5,dice,168.33,246,0.4819,0.93667,0.85976,0.64359,0.04299,0.31571,0.5148
"(2, 3)",3.0,2.0,True,0.5,dice,169.17,225,0.5478,0.90342,0.83322,0.72795,0.04548,0.41374,0.58847
"(2, 4)",3.0,2.0,True,0.0,dice,169.67,226,0.5424,0.91102,0.81616,0.71411,0.04455,0.41524,0.58815
"(2, 4)",4.0,2.0,False,1.0,dice,169.83,206,0.6086,0.8648,0.81978,0.73701,0.06543,0.48329,0.71365
"(2, 4)",4.0,1.0,True,1.0,dice,170.83,225,0.5315,0.90293,0.84,0.7028,0.04582,0.3951,0.58242
"(2, 3)",4.0,1.0,False,0.0,dice,170.83,250,0.4797,0.94667,0.84934,0.63602,0.04254,0.31823,0.50553
"(2, 3)",3.0,2.0,True,0.0,dice,170.83,235,0.5292,0.9115,0.82451,0.71291,0.04199,0.38976,0.57506
"(2, 3)",4.0,2.0,False,0.0,dice,171.83,252,0.4702,0.93833,0.85342,0.63212,0.04373,0.30766,0.49921
"(2, 4)",4.0,2.0,False,0.5,dice,172.33,208,0.6041,0.86769,0.8133,0.73279,0.06406,0.47727,0.71439
"(2,)",3.0,1.0,True,1.0,geo,172.5,232,0.515,0.89993,0.85766,0.69618,0.04455,0.38491,0.54663
"(2,)",0.0,1.0,False,0.0,dice,173.17,270,0.5467,0.65602,0.11045,0.8109,0.14196,0.68028,0.82733
"(2, 4)",4.0,2.0,False,0.0,dice,174.0,215,0.5943,0.87319,0.81002,0.72144,0.06346,0.47551,0.69403
"(2,)",3.0,1.0,True,0.5,geo,175.83,243,0.487,0.90691,0.84942,0.66972,0.03813,0.35674,0.53324
"(2,)",3.0,1.0,True,0.0,geo,176.5,247,0.4697,0.91491,0.84718,0.65903,0.03626,0.32923,0.51242
"(2,)",2.0,1.0,False,0.5,dice,177.17,224,0.5689,0.91426,0.58682,0.74055,0.06768,0.48933,0.63688
"(2, 3)",4.0,2.0,True,0.5,geo,177.67,265,0.4488,0.92117,0.87715,0.6375,0.02672,0.2989,0.5034
"(2, 4)",4.0,2.0,True,0.5,geo,178.17,258,0.4568,0.91087,0.86954,0.63953,0.02897,0.32083,0.52079
"(2, 3)",4.0,1.0,True,0.5,dice,178.67,251,0.4655,0.91617,0.83717,0.66503,0.03592,0.30585,0.52013
"(2, 3)",4.0,1.0,True,1.0,dice,179.5,244,0.4784,0.90208,0.84453,0.67803,0.04117,0.31988,0.53388
"(2, 3)",4.0,2.0,True,1.0,geo,179.5,254,0.4595,0.90626,0.88702,0.65116,0.03096,0.31265,0.51279
"(2, 4)",4.0,2.0,True,1.0,geo,180.17,249,0.4705,0.89417,0.87052,0.65711,0.03307,0.34389,0.53488
"(2, 3)",4.0,2.0,True,0.0,geo,180.17,266,0.4264,0.92867,0.87306,0.60975,0.02545,0.27625,0.48373
"(2, 4)",4.0,2.0,True,0.0,geo,180.67,264,0.436,0.92069,0.86608,0.61933,0.02684,0.28392,0.50864
"(2, 3)",4.0,1.0,True,0.0,dice,181.0,254,0.4456,0.92367,0.83384,0.63916,0.03112,0.29368,0.5064
"(2,)",2.0,1.0,False,0.0,dice,185.67,227,0.525,0.91654,0.57082,0.70881,0.05789,0.46412,0.60142
"(2,)",2.0,1.0,False,1.0,dice,188.83,218,0.5724,0.87648,0.59361,0.75533,0.07311,0.51364,0.65077
"(2,)",3.0,1.0,True,1.0,dice,191.83,238,0.4727,0.8956,0.78203,0.66601,0.04223,0.36846,0.53284
"(2, 3)",4.0,2.0,True,1.0,dice,192.0,256,0.4204,0.90636,0.82209,0.62666,0.03127,0.29143,0.48323
"(2, 3)",4.0,2.0,True,0.0,dice,192.67,263,0.3887,0.91667,0.81822,0.59195,0.02763,0.26215,0.45212
"(2, 3)",4.0,2.0,True,0.5,dice,193.67,259,0.4092,0.91033,0.8164,0.61631,0.02934,0.28897,0.46637
"(2, 4)",4.0,2.0,True,0.5,dice,195.67,259,0.4244,0.90976,0.79954,0.61635,0.02893,0.30522,0.51184
"(2, 4)",4.0,2.0,True,1.0,dice,197.17,250,0.4385,0.89069,0.803,0.63951,0.03306,0.32517,0.52592
"(2,)",3.0,1.0,True,0.5,dice,198.17,243,0.4522,0.8943,0.77012,0.65011,0.0398,0.35194,0.52283
"(2, 4)",4.0,2.0,True,0.0,dice,199.83,260,0.4044,0.90952,0.79725,0.60024,0.02876,0.28229,0.49414
"(2,)",3.0,1.0,True,0.0,dice,200.83,253,0.4317,0.89953,0.77369,0.63538,0.03732,0.32553,0.49909
"(2,)",3.0,1.0,False,0.0,dice,205.17,261,0.3654,0.9325,0.6493,0.55974,0.03764,0.29135,0.44191
"(2,)",4.0,1.0,True,1.0,geo,210.67,262,0.3467,0.87635,0.81924,0.55725,0.02925,0.26475,0.42708
"(2,)",3.0,1.0,False,0.5,dice,210.67,260,0.3775,0.90817,0.65701,0.5816,0.03941,0.30927,0.46754
"(2,)",3.0,1.0,False,1.0,dice,214.33,258,0.3897,0.8895,0.67833,0.59577,0.04082,0.33295,0.47938
"(2,)",4.0,1.0,True,0.5,geo,215.5,268,0.3243,0.87667,0.81325,0.55169,0.02458,0.23582,0.41066
"(2,)",4.0,1.0,True,0.0,geo,217.0,270,0.3045,0.87767,0.81177,0.53748,0.02122,0.21258,0.39904
"(2,)",4.0,1.0,True,1.0,dice,225.83,264,0.3158,0.87283,0.75003,0.55433,0.02869,0.25256,0.39942
"(2,)",4.0,1.0,True,0.0,dice,226.5,269,0.2888,0.88093,0.7394,0.53596,0.02324,0.21542,0.3841
"(2,)",4.0,1.0,True,0.5,dice,228.0,267,0.3018,0.8735,0.74379,0.54965,0.02507,0.2327,0.39533
"(2,)",4.0,1.0,False,0.0,dice,232.83,270,0.2481,0.87994,0.63027,0.49155,0.03165,0.21676,0.35785
"(2,)",4.0,1.0,False,0.5,dice,236.17,269,0.2624,0.87111,0.64162,0.51113,0.03028,0.22901,0.37863
"(2,)",4.0,1.0,False,1.0,dice,240.83,268,0.2587,0.85113,0.64576,0.52064,0.02818,0.2337,0.39011
