task,n,idf_exponent,dim,normalize,build_sec,eval_sec,map,ndcg@10,mrr,hit@1,recall@10
abtbuy,"(1,)",0.0,1.0,False,0.03,11.52,0.15244,0.16717,0.1558,0.12,0.24
abtbuy,"(1,)",0.0,1.0,True,0.03,11.49,0.59168,0.62128,0.59785,0.53,0.72
abtbuy,"(1,)",0.5,1.0,False,0.05,10.88,0.19536,0.21849,0.19923,0.13,0.33
abtbuy,"(1,)",0.5,1.0,True,0.05,9.75,0.71411,0.7278,0.72267,0.69,0.775
abtbuy,"(1,)",1.0,1.0,False,0.04,9.9,0.24751,0.28327,0.25025,0.15,0.435
abtbuy,"(1,)",1.0,1.0,True,0.04,9.93,0.68096,0.70636,0.68904,0.63,0.785
abtbuy,"(1,)",2.0,1.0,False,0.03,9.65,0.29837,0.34122,0.30163,0.2,0.51
abtbuy,"(1,)",2.0,1.0,True,0.03,8.16,0.55029,0.57904,0.55717,0.49,0.675
abtbuy,"(1,)",3.0,1.0,False,0.03,8.41,0.29901,0.33271,0.30435,0.23,0.47
abtbuy,"(1,)",3.0,1.0,True,0.03,9.01,0.43717,0.47026,0.44289,0.36,0.58
abtbuy,"(2,)",0.0,1.0,False,0.06,0.49,0.67378,0.70849,0.68204,0.6,0.83
abtbuy,"(2,)",0.0,1.0,True,0.06,0.52,0.76985,0.80599,0.77942,0.69,0.92
abtbuy,"(2,)",0.5,1.0,False,0.08,0.52,0.7449,0.78178,0.75366,0.67,0.905
abtbuy,"(2,)",0.5,1.0,True,0.08,0.51,0.84261,0.86136,0.85134,0.8,0.925
abtbuy,"(2,)",1.0,1.0,False,0.08,0.54,0.81307,0.85048,0.81902,0.74,0.965
abtbuy,"(2,)",1.0,1.0,True,0.08,0.47,0.86702,0.89154,0.87661,0.84,0.97
abtbuy,"(2,)",2.0,1.0,False,0.07,0.53,0.87648,0.90532,0.88198,0.81,0.99
abtbuy,"(2,)",2.0,1.0,True,0.07,0.46,0.88267,0.906,0.88817,0.85,0.98
abtbuy,"(2,)",3.0,1.0,False,0.06,0.5,0.8895,0.91848,0.89533,0.83,1.0
abtbuy,"(2,)",3.0,1.0,True,0.06,0.55,0.8956,0.91633,0.9006,0.86,0.98
abtbuy,"(3,)",0.0,1.0,False,0.09,0.17,0.76242,0.81127,0.77617,0.67,0.955
abtbuy,"(3,)",0.0,1.0,True,0.09,0.2,0.78566,0.81771,0.79508,0.71,0.92
abtbuy,"(3,)",0.5,1.0,False,0.14,0.14,0.82384,0.85572,0.82998,0.74,0.955
abtbuy,"(3,)",0.5,1.0,True,0.14,0.2,0.83671,0.86096,0.84699,0.79,0.94
abtbuy,"(3,)",1.0,1.0,False,0.14,0.18,0.86809,0.89533,0.87142,0.8,0.98
abtbuy,"(3,)",1.0,1.0,True,0.14,0.16,0.86043,0.88325,0.86626,0.82,0.96
abtbuy,"(3,)",2.0,1.0,False,0.12,0.14,0.89817,0.921,0.90117,0.84,0.99
abtbuy,"(3,)",2.0,1.0,True,0.12,0.16,0.88748,0.91533,0.89215,0.85,1.0
abtbuy,"(3,)",3.0,1.0,False,0.14,0.16,0.9101,0.93301,0.9126,0.86,1.0
abtbuy,"(3,)",3.0,1.0,True,0.14,0.22,0.90154,0.92642,0.90454,0.85,1.0
abtbuy,"(4,)",0.0,1.0,False,0.16,0.1,0.75875,0.80198,0.76982,0.66,0.935
abtbuy,"(4,)",0.0,1.0,True,0.16,0.08,0.78386,0.81393,0.79573,0.72,0.91
abtbuy,"(4,)",0.5,1.0,False,0.24,0.1,0.79551,0.83753,0.80332,0.7,0.965
abtbuy,"(4,)",0.5,1.0,True,0.24,0.1,0.80049,0.83236,0.81014,0.73,0.935
abtbuy,"(4,)",1.0,1.0,False,0.21,0.13,0.80785,0.84843,0.81352,0.7,0.97
abtbuy,"(4,)",1.0,1.0,True,0.21,0.13,0.81762,0.85173,0.82262,0.74,0.96
abtbuy,"(4,)",2.0,1.0,False,0.23,0.09,0.83121,0.8675,0.83454,0.75,0.98
abtbuy,"(4,)",2.0,1.0,True,0.23,0.13,0.86064,0.8954,0.86564,0.8,1.0
abtbuy,"(4,)",3.0,1.0,False,0.28,0.13,0.84526,0.87515,0.84826,0.77,0.97
abtbuy,"(4,)",3.0,1.0,True,0.28,0.09,0.8516,0.88844,0.8546,0.78,1.0
abtbuy,"(1, 2)",0.0,0.5,False,0.08,9.79,0.52191,0.55001,0.53075,0.47,0.66
abtbuy,"(1, 2)",0.0,0.5,True,0.08,9.87,0.77313,0.79799,0.78297,0.73,0.88
abtbuy,"(1, 2)",0.0,1.0,False,0.08,9.88,0.49957,0.51523,0.50926,0.45,0.59
abtbuy,"(1, 2)",0.0,1.0,True,0.08,10.16,0.76768,0.78348,0.77774,0.73,0.84
abtbuy,"(1, 2)",0.0,2.0,False,0.08,10.02,0.41607,0.44127,0.42574,0.37,0.54
abtbuy,"(1, 2)",0.0,2.0,True,0.08,9.96,0.75891,0.77399,0.76915,0.73,0.82
abtbuy,"(1, 2)",0.0,3.0,False,0.08,10.44,0.35788,0.36897,0.36762,0.33,0.43
abtbuy,"(1, 2)",0.0,3.0,True,0.08,10.14,0.73532,0.75304,0.74365,0.69,0.805
abtbuy,"(1, 2)",0.5,0.5,False,0.12,10.61,0.65754,0.69327,0.66781,0.57,0.815
abtbuy,"(1, 2)",0.5,0.5,True,0.12,11.24,0.82867,0.84649,0.83964,0.81,0.905
abtbuy,"(1, 2)",0.5,1.0,False,0.12,11.42,0.67758,0.71385,0.68764,0.59,0.835
abtbuy,"(1, 2)",0.5,1.0,True,0.12,11.11,0.82793,0.84634,0.83891,0.81,0.905
abtbuy,"(1, 2)",0.5,2.0,False,0.12,10.79,0.72028,0.75022,0.73236,0.66,0.85
abtbuy,"(1, 2)",0.5,2.0,True,0.12,10.66,0.8125,0.83162,0.82467,0.79,0.89
abtbuy,"(1, 2)",0.5,3.0,False,0.12,11.75,0.72881,0.76276,0.73872,0.66,0.875
abtbuy,"(1, 2)",0.5,3.0,True,0.12,10.88,0.78469,0.80916,0.79791,0.76,0.88
abtbuy,"(1, 2)",1.0,0.5,False,0.1,11.46,0.75945,0.79385,0.76826,0.7,0.905
abtbuy,"(1, 2)",1.0,0.5,True,0.1,11.7,0.84576,0.8585,0.85626,0.83,0.905
abtbuy,"(1, 2)",1.0,1.0,False,0.1,11.2,0.79264,0.82937,0.80056,0.73,0.945
abtbuy,"(1, 2)",1.0,1.0,True,0.1,11.52,0.84287,0.85702,0.85378,0.83,0.905
abtbuy,"(1, 2)",1.0,2.0,False,0.1,11.17,0.80409,0.84413,0.81186,0.73,0.965
abtbuy,"(1, 2)",1.0,2.0,True,0.1,11.65,0.81307,0.83187,0.8258,0.79,0.89
abtbuy,"(1, 2)",1.0,3.0,False,0.1,11.76,0.80549,0.84524,0.81316,0.73,0.965
abtbuy,"(1, 2)",1.0,3.0,True,0.1,12.03,0.78147,0.80176,0.79512,0.76,0.865
abtbuy,"(1, 2)",2.0,0.5,False,0.12,11.92,0.86265,0.88506,0.8696,0.81,0.955
abtbuy,"(1, 2)",2.0,0.5,True,0.12,11.83,0.79837,0.82856,0.81201,0.77,0.925
abtbuy,"(1, 2)",2.0,1.0,False,0.12,11.68,0.87343,0.90313,0.87926,0.81,0.99
abtbuy,"(1, 2)",2.0,1.0,True,0.12,11.92,0.77862,0.80167,0.79082,0.75,0.88
abtbuy,"(1, 2)",2.0,2.0,False,0.12,11.52,0.87648,0.90532,0.88198,0.81,0.99
abtbuy,"(1, 2)",2.0,2.0,True,0.12,12.03,0.73071,0.74772,0.74346,0.7,0.805
abtbuy,"(1, 2)",2.0,3.0,False,0.12,11.86,0.87648,0.90532,0.88198,0.81,0.99
abtbuy,"(1, 2)",2.0,3.0,True,0.12,11.58,0.69315,0.71593,0.7049,0.66,0.79
abtbuy,"(1, 2)",3.0,0.5,False,0.14,11.89,0.8606,0.89519,0.86767,0.79,0.995
abtbuy,"(1, 2)",3.0,0.5,True,0.14,11.65,0.74384,0.75732,0.75525,0.71,0.81
abtbuy,"(1, 2)",3.0,1.0,False,0.14,11.61,0.88883,0.91807,0.89533,0.83,1.0
abtbuy,"(1, 2)",3.0,1.0,True,0.14,11.6,0.70136,0.722,0.71464,0.66,0.79
abtbuy,"(1, 2)",3.0,2.0,False,0.14,10.4,0.8895,0.91848,0.89533,0.83,1.0
abtbuy,"(1, 2)",3.0,2.0,True,0.14,10.26,0.66609,0.68734,0.68085,0.64,0.755
abtbuy,"(1, 2)",3.0,3.0,False,0.14,10.07,0.8895,0.91848,0.89533,0.83,1.0
abtbuy,"(1, 2)",3.0,3.0,True,0.14,9.88,0.60207,0.62808,0.61124,0.54,0.715
abtbuy,"(1, 3)",0.0,0.5,False,0.15,9.38,0.64171,0.67523,0.65344,0.55,0.785
abtbuy,"(1, 3)",0.0,0.5,True,0.15,8.38,0.77268,0.8047,0.78226,0.71,0.91
abtbuy,"(1, 3)",0.0,1.0,False,0.15,10.86,0.60106,0.63802,0.61301,0.53,0.755
abtbuy,"(1, 3)",0.0,1.0,True,0.15,9.69,0.76829,0.79384,0.77726,0.71,0.88
abtbuy,"(1, 3)",0.0,2.0,False,0.15,9.79,0.46838,0.49026,0.47764,0.42,0.57
abtbuy,"(1, 3)",0.0,2.0,True,0.15,9.29,0.75569,0.77201,0.76593,0.72,0.82
abtbuy,"(1, 3)",0.0,3.0,False,0.15,9.74,0.32923,0.3404,0.33896,0.29,0.4
abtbuy,"(1, 3)",0.0,3.0,True,0.15,12.12,0.72102,0.74431,0.73219,0.67,0.805
abtbuy,"(1, 3)",0.5,0.5,False,0.24,12.95,0.76111,0.80623,0.77214,0.68,0.945
abtbuy,"(1, 3)",0.5,0.5,True,0.24,11.63,0.83263,0.8523,0.84388,0.8,0.92
abtbuy,"(1, 3)",0.5,1.0,False,0.24,11.55,0.78066,0.82027,0.78837,0.7,0.945
abtbuy,"(1, 3)",0.5,1.0,True,0.24,11.46,0.82178,0.84148,0.8331,0.8,0.91
abtbuy,"(1, 3)",0.5,2.0,False,0.24,11.53,0.79991,0.83851,0.80714,0.71,0.955
abtbuy,"(1, 3)",0.5,2.0,True,0.24,11.49,0.80137,0.821,0.8144,0.78,0.88
abtbuy,"(1, 3)",0.5,3.0,False,0.24,11.44,0.80869,0.84529,0.81511,0.72,0.955
abtbuy,"(1, 3)",0.5,3.0,True,0.24,11.03,0.76407,0.78316,0.77549,0.74,0.845
abtbuy,"(1, 3)",1.0,0.5,False,0.21,10.86,0.84704,0.87704,0.85093,0.77,0.97
abtbuy,"(1, 3)",1.0,0.5,True,0.21,10.85,0.84519,0.86714,0.85491,0.81,0.94
abtbuy,"(1, 3)",1.0,1.0,False,0.21,12.66,0.8508,0.88258,0.85438,0.77,0.98
abtbuy,"(1, 3)",1.0,1.0,True,0.21,11.71,0.83673,0.85111,0.84747,0.81,0.905
abtbuy,"(1, 3)",1.0,2.0,False,0.21,10.95,0.86309,0.89164,0.86642,0.79,0.98
abtbuy,"(1, 3)",1.0,2.0,True,0.21,11.95,0.79278,0.81328,0.80618,0.76,0.875
abtbuy,"(1, 3)",1.0,3.0,False,0.21,12.25,0.86809,0.89533,0.87142,0.8,0.98
abtbuy,"(1, 3)",1.0,3.0,True,0.21,12.16,0.75712,0.77856,0.7688,0.72,0.845
abtbuy,"(1, 3)",2.0,0.5,False,0.49,13.54,0.89817,0.91776,0.90117,0.85,0.98
abtbuy,"(1, 3)",2.0,0.5,True,0.49,14.45,0.81567,0.8475,0.8245,0.77,0.95
abtbuy,"(1, 3)",2.0,1.0,False,0.49,14.48,0.91067,0.93038,0.91367,0.86,0.99
abtbuy,"(1, 3)",2.0,1.0,True,0.49,13.82,0.79245,0.81266,0.80438,0.76,0.88
abtbuy,"(1, 3)",2.0,2.0,False,0.49,13.61,0.90567,0.92669,0.90867,0.85,0.99
abtbuy,"(1, 3)",2.0,2.0,True,0.49,14.6,0.71212,0.73159,0.72567,0.68,0.795
abtbuy,"(1, 3)",2.0,3.0,False,0.49,13.24,0.89817,0.921,0.90117,0.84,0.99
abtbuy,"(1, 3)",2.0,3.0,True,0.49,12.73,0.65666,0.68456,0.66872,0.61,0.775
abtbuy,"(1, 3)",3.0,0.5,False,0.29,13.37,0.92674,0.94244,0.92924,0.89,0.99
abtbuy,"(1, 3)",3.0,0.5,True,0.29,13.85,0.77905,0.79805,0.78852,0.75,0.87
abtbuy,"(1, 3)",3.0,1.0,False,0.29,13.74,0.90978,0.93268,0.91228,0.86,1.0
abtbuy,"(1, 3)",3.0,1.0,True,0.29,12.68,0.71451,0.73024,0.72718,0.69,0.79
abtbuy,"(1, 3)",3.0,2.0,False,0.29,15.11,0.9101,0.93301,0.9126,0.86,1.0
abtbuy,"(1, 3)",3.0,2.0,True,0.29,12.37,0.62399,0.64479,0.63385,0.57,0.715
abtbuy,"(1, 3)",3.0,3.0,False,0.29,10.29,0.9101,0.93301,0.9126,0.86,1.0
abtbuy,"(1, 3)",3.0,3.0,True,0.29,10.38,0.55724,0.59165,0.56528,0.49,0.705
abtbuy,"(2, 3)",0.0,0.5,False,0.22,0.81,0.72488,0.77596,0.73668,0.64,0.935
abtbuy,"(2, 3)",0.0,0.5,True,0.22,0.76,0.78713,0.82164,0.79704,0.71,0.93
abtbuy,"(2, 3)",0.0,1.0,False,0.22,0.75,0.71996,0.76664,0.73176,0.64,0.915
abtbuy,"(2, 3)",0.0,1.0,True,0.22,0.77,0.78693,0.82146,0.79682,0.71,0.93
abtbuy,"(2, 3)",0.0,2.0,False,0.22,0.74,0.71292,0.75242,0.72527,0.64,0.885
abtbuy,"(2, 3)",0.0,2.0,True,0.22,0.77,0.78166,0.81469,0.79148,0.7,0.92
abtbuy,"(2, 3)",0.0,3.0,False,0.22,0.73,0.70776,0.7435,0.71955,0.64,0.865
abtbuy,"(2, 3)",0.0,3.0,True,0.22,0.76,0.7753,0.81001,0.78459,0.69,0.92
abtbuy,"(2, 3)",0.5,0.5,False,0.27,0.8,0.80034,0.83884,0.80822,0.71,0.955
abtbuy,"(2, 3)",0.5,0.5,True,0.27,0.78,0.8295,0.85431,0.84025,0.78,0.935
abtbuy,"(2, 3)",0.5,1.0,False,0.27,0.8,0.80025,0.83884,0.80813,0.71,0.955
abtbuy,"(2, 3)",0.5,1.0,True,0.27,0.8,0.83,0.85475,0.84075,0.78,0.935
abtbuy,"(2, 3)",0.5,2.0,False,0.27,0.72,0.80661,0.84384,0.81452,0.72,0.955
abtbuy,"(2, 3)",0.5,2.0,True,0.27,0.78,0.83065,0.85528,0.84126,0.78,0.935
abtbuy,"(2, 3)",0.5,3.0,False,0.27,0.78,0.80557,0.84315,0.81352,0.72,0.955
abtbuy,"(2, 3)",0.5,3.0,True,0.27,0.79,0.82795,0.85001,0.83607,0.77,0.925
abtbuy,"(2, 3)",1.0,0.5,False,0.26,0.76,0.85265,0.88409,0.8564,0.77,0.98
abtbuy,"(2, 3)",1.0,0.5,True,0.26,0.79,0.87011,0.89641,0.87844,0.84,0.98
abtbuy,"(2, 3)",1.0,1.0,False,0.26,0.75,0.85258,0.88409,0.85633,0.77,0.98
abtbuy,"(2, 3)",1.0,1.0,True,0.26,0.74,0.8698,0.89637,0.87897,0.84,0.98
abtbuy,"(2, 3)",1.0,2.0,False,0.26,0.82,0.85725,0.88746,0.86114,0.78,0.98
abtbuy,"(2, 3)",1.0,2.0,True,0.26,0.77,0.86958,0.89613,0.87875,0.84,0.98
abtbuy,"(2, 3)",1.0,3.0,False,0.26,0.76,0.85537,0.88607,0.85926,0.78,0.98
abtbuy,"(2, 3)",1.0,3.0,True,0.26,0.79,0.86455,0.88955,0.87372,0.83,0.97
abtbuy,"(2, 3)",2.0,0.5,False,0.29,0.77,0.90758,0.92799,0.91058,0.86,0.99
abtbuy,"(2, 3)",2.0,0.5,True,0.29,0.83,0.88536,0.91422,0.89253,0.85,1.0
abtbuy,"(2, 3)",2.0,1.0,False,0.29,0.83,0.91424,0.93299,0.91724,0.87,0.99
abtbuy,"(2, 3)",2.0,1.0,True,0.29,0.82,0.89025,0.91779,0.89742,0.86,1.0
abtbuy,"(2, 3)",2.0,2.0,False,0.29,0.81,0.91591,0.9343,0.91891,0.87,0.99
abtbuy,"(2, 3)",2.0,2.0,True,0.29,0.79,0.88478,0.9137,0.89194,0.85,1.0
abtbuy,"(2, 3)",2.0,3.0,False,0.29,0.8,0.92091,0.93799,0.92391,0.88,0.99
abtbuy,"(2, 3)",2.0,3.0,True,0.29,0.85,0.88431,0.91044,0.89148,0.85,0.99
abtbuy,"(2, 3)",3.0,0.5,False,0.23,0.77,0.94617,0.96013,0.94867,0.92,1.0
abtbuy,"(2, 3)",3.0,0.5,True,0.23,0.8,0.90692,0.93064,0.91242,0.87,1.0
abtbuy,"(2, 3)",3.0,1.0,False,0.23,0.8,0.94117,0.95644,0.94367,0.91,1.0
abtbuy,"(2, 3)",3.0,1.0,True,0.23,0.81,0.90678,0.9305,0.91228,0.87,1.0
abtbuy,"(2, 3)",3.0,2.0,False,0.23,0.76,0.917,0.93837,0.9195,0.87,1.0
abtbuy,"(2, 3)",3.0,2.0,True,0.23,0.83,0.89851,0.92424,0.90401,0.86,1.0
abtbuy,"(2, 3)",3.0,3.0,False,0.23,0.8,0.91817,0.93924,0.92067,0.87,1.0
abtbuy,"(2, 3)",3.0,3.0,True,0.23,0.83,0.89612,0.91946,0.90162,0.86,0.99
abtbuy,"(2, 4)",0.0,0.5,False,0.25,0.71,0.73737,0.78837,0.75112,0.65,0.945
abtbuy,"(2, 4)",0.0,0.5,True,0.25,0.69,0.79354,0.82623,0.80211,0.72,0.93
abtbuy,"(2, 4)",0.0,1.0,False,0.25,0.69,0.72385,0.77762,0.73566,0.64,0.945
abtbuy,"(2, 4)",0.0,1.0,True,0.25,0.67,0.7894,0.82292,0.79791,0.72,0.93
abtbuy,"(2, 4)",0.0,2.0,False,0.25,0.7,0.70857,0.74693,0.72114,0.63,0.875
abtbuy,"(2, 4)",0.0,2.0,True,0.25,0.69,0.77611,0.81015,0.78461,0.7,0.92
abtbuy,"(2, 4)",0.0,3.0,False,0.25,0.7,0.69414,0.72803,0.70604,0.62,0.845
abtbuy,"(2, 4)",0.0,3.0,True,0.25,0.75,0.77871,0.81238,0.78722,0.7,0.92
abtbuy,"(2, 4)",0.5,0.5,False,0.34,0.75,0.81045,0.84888,0.81798,0.72,0.965
abtbuy,"(2, 4)",0.5,0.5,True,0.34,0.78,0.83258,0.85621,0.83991,0.78,0.935
abtbuy,"(2, 4)",0.5,1.0,False,0.34,0.75,0.81503,0.84942,0.82255,0.73,0.955
abtbuy,"(2, 4)",0.5,1.0,True,0.34,0.79,0.83056,0.85496,0.83795,0.77,0.935
abtbuy,"(2, 4)",0.5,2.0,False,0.34,0.73,0.80318,0.84092,0.8111,0.72,0.955
abtbuy,"(2, 4)",0.5,2.0,True,0.34,0.74,0.82821,0.85291,0.83542,0.77,0.935
abtbuy,"(2, 4)",0.5,3.0,False,0.34,0.73,0.79768,0.83665,0.80566,0.72,0.955
abtbuy,"(2, 4)",0.5,3.0,True,0.34,0.75,0.82314,0.84663,0.83092,0.76,0.925
abtbuy,"(2, 4)",1.0,0.5,False,0.41,0.77,0.85026,0.87951,0.85426,0.77,0.97
abtbuy,"(2, 4)",1.0,0.5,True,0.41,0.7,0.86545,0.88765,0.87378,0.83,0.96
abtbuy,"(2, 4)",1.0,1.0,False,0.41,0.72,0.85026,0.87951,0.85426,0.77,0.97
abtbuy,"(2, 4)",1.0,1.0,True,0.41,0.75,0.85981,0.88331,0.86814,0.82,0.96
abtbuy,"(2, 4)",1.0,2.0,False,0.41,0.73,0.84509,0.87455,0.85093,0.76,0.965
abtbuy,"(2, 4)",1.0,2.0,True,0.41,0.79,0.85929,0.88274,0.86763,0.82,0.96
abtbuy,"(2, 4)",1.0,3.0,False,0.41,0.8,0.8399,0.87086,0.84573,0.75,0.965
abtbuy,"(2, 4)",1.0,3.0,True,0.41,0.78,0.85822,0.88492,0.86738,0.82,0.97
abtbuy,"(2, 4)",2.0,0.5,False,0.38,0.79,0.90092,0.92326,0.90392,0.84,0.99
abtbuy,"(2, 4)",2.0,0.5,True,0.38,0.77,0.88187,0.91189,0.88904,0.84,1.0
abtbuy,"(2, 4)",2.0,1.0,False,0.38,0.83,0.88396,0.91014,0.88696,0.82,0.99
abtbuy,"(2, 4)",2.0,1.0,True,0.38,0.79,0.88396,0.91312,0.89112,0.85,1.0
abtbuy,"(2, 4)",2.0,2.0,False,0.38,0.83,0.85515,0.88599,0.85848,0.77,0.98
abtbuy,"(2, 4)",2.0,2.0,True,0.38,0.77,0.892,0.91593,0.89917,0.87,0.99
abtbuy,"(2, 4)",2.0,3.0,False,0.38,0.81,0.85348,0.88468,0.85682,0.77,0.98
abtbuy,"(2, 4)",2.0,3.0,True,0.38,0.82,0.89026,0.91462,0.89743,0.87,0.99
abtbuy,"(2, 4)",3.0,0.5,False,0.41,0.8,0.89335,0.91434,0.89585,0.83,0.98
abtbuy,"(2, 4)",3.0,0.5,True,0.41,0.79,0.89886,0.92452,0.90352,0.86,1.0
abtbuy,"(2, 4)",3.0,1.0,False,0.41,0.79,0.87877,0.90627,0.88177,0.81,0.99
abtbuy,"(2, 4)",3.0,1.0,True,0.41,0.8,0.89894,0.92469,0.90444,0.86,1.0
abtbuy,"(2, 4)",3.0,2.0,False,0.41,0.76,0.86159,0.88767,0.86459,0.79,0.97
abtbuy,"(2, 4)",3.0,2.0,True,0.41,0.81,0.90568,0.9265,0.91118,0.88,0.99
abtbuy,"(2, 4)",3.0,3.0,False,0.41,0.76,0.85993,0.88628,0.86293,0.79,0.97
abtbuy,"(2, 4)",3.0,3.0,True,0.41,0.81,0.90485,0.92592,0.91035,0.88,0.99
abtbuy,"(3, 4)",0.0,0.5,False,0.31,0.28,0.76283,0.81118,0.77557,0.67,0.955
abtbuy,"(3, 4)",0.0,0.5,True,0.31,0.3,0.79525,0.82223,0.80632,0.73,0.91
abtbuy,"(3, 4)",0.0,1.0,False,0.31,0.26,0.7628,0.81118,0.77554,0.67,0.955
abtbuy,"(3, 4)",0.0,1.0,True,0.31,0.27,0.7952,0.82223,0.80627,0.73,0.91
abtbuy,"(3, 4)",0.0,2.0,False,0.31,0.3,0.7628,0.81125,0.77572,0.67,0.955
abtbuy,"(3, 4)",0.0,2.0,True,0.31,0.26,0.79566,0.82262,0.80673,0.73,0.91
abtbuy,"(3, 4)",0.0,3.0,False,0.31,0.3,0.76387,0.81222,0.77678,0.67,0.955
abtbuy,"(3, 4)",0.0,3.0,True,0.31,0.31,0.79503,0.82493,0.8061,0.73,0.92
abtbuy,"(3, 4)",0.5,0.5,False,0.51,0.35,0.82139,0.8569,0.82839,0.74,0.965
abtbuy,"(3, 4)",0.5,0.5,True,0.51,0.35,0.82308,0.85021,0.8314,0.76,0.94
abtbuy,"(3, 4)",0.5,1.0,False,0.51,0.3,0.82636,0.8606,0.83339,0.75,0.965
abtbuy,"(3, 4)",0.5,1.0,True,0.51,0.35,0.82308,0.85021,0.8314,0.76,0.94
abtbuy,"(3, 4)",0.5,2.0,False,0.51,0.32,0.82741,0.86142,0.83439,0.75,0.965
abtbuy,"(3, 4)",0.5,2.0,True,0.51,0.26,0.82318,0.85038,0.83158,0.76,0.94
abtbuy,"(3, 4)",0.5,3.0,False,0.51,0.34,0.82432,0.85925,0.83132,0.74,0.965
abtbuy,"(3, 4)",0.5,3.0,True,0.51,0.35,0.82319,0.85038,0.83159,0.76,0.94
abtbuy,"(3, 4)",1.0,0.5,False,0.51,0.33,0.84398,0.87466,0.84731,0.76,0.97
abtbuy,"(3, 4)",1.0,0.5,True,0.51,0.34,0.8543,0.87917,0.8593,0.8,0.96
abtbuy,"(3, 4)",1.0,1.0,False,0.51,0.34,0.84898,0.87835,0.85231,0.77,0.97
abtbuy,"(3, 4)",1.0,1.0,True,0.51,0.35,0.8543,0.87917,0.8593,0.8,0.96
abtbuy,"(3, 4)",1.0,2.0,False,0.51,0.31,0.84986,0.87905,0.8532,0.77,0.97
abtbuy,"(3, 4)",1.0,2.0,True,0.51,0.33,0.85347,0.87842,0.85847,0.8,0.96
abtbuy,"(3, 4)",1.0,3.0,False,0.51,0.36,0.84486,0.87536,0.8482,0.76,0.97
abtbuy,"(3, 4)",1.0,3.0,True,0.51,0.31,0.85789,0.88148,0.86289,0.81,0.96
abtbuy,"(3, 4)",2.0,0.5,False,0.5,0.34,0.86548,0.89356,0.86848,0.79,0.98
abtbuy,"(3, 4)",2.0,0.5,True,0.5,0.34,0.88622,0.91474,0.89122,0.84,1.0
abtbuy,"(3, 4)",2.0,1.0,False,0.5,0.35,0.86548,0.89356,0.86848,0.79,0.98
abtbuy,"(3, 4)",2.0,1.0,True,0.5,0.35,0.88622,0.91474,0.89122,0.84,1.0
abtbuy,"(3, 4)",2.0,2.0,False,0.5,0.33,0.86548,0.89356,0.86848,0.79,0.98
abtbuy,"(3, 4)",2.0,2.0,True,0.5,0.35,0.88906,0.91668,0.89406,0.85,1.0
abtbuy,"(3, 4)",2.0,3.0,False,0.5,0.36,0.86548,0.89356,0.86848,0.79,0.98
abtbuy,"(3, 4)",2.0,3.0,True,0.5,0.35,0.88739,0.91537,0.89239,0.85,1.0
abtbuy,"(3, 4)",3.0,0.5,False,0.49,0.34,0.8821,0.90865,0.8851,0.82,0.99
abtbuy,"(3, 4)",3.0,0.5,True,0.49,0.3,0.89518,0.92122,0.89818,0.85,1.0
abtbuy,"(3, 4)",3.0,1.0,False,0.49,0.34,0.8821,0.90865,0.8851,0.82,0.99
abtbuy,"(3, 4)",3.0,1.0,True,0.49,0.32,0.89685,0.92253,0.89985,0.85,1.0
abtbuy,"(3, 4)",3.0,2.0,False,0.49,0.32,0.8721,0.90127,0.8751,0.8,0.99
abtbuy,"(3, 4)",3.0,2.0,True,0.49,0.34,0.8963,0.92245,0.8993,0.84,1.0
abtbuy,"(3, 4)",3.0,3.0,False,0.49,0.3,0.86701,0.89469,0.87001,0.79,0.98
abtbuy,"(3, 4)",3.0,3.0,True,0.49,0.36,0.89654,0.92273,0.89954,0.84,1.0
abtbuy,"(1, 2, 3)",0.0,0.5,False,0.26,11.48,0.65146,0.68715,0.66249,0.56,0.805
abtbuy,"(1, 2, 3)",0.0,0.5,True,0.26,11.59,0.78457,0.81674,0.79399,0.72,0.92
abtbuy,"(1, 2, 3)",0.0,1.0,False,0.26,11.35,0.6282,0.66046,0.63942,0.56,0.77
abtbuy,"(1, 2, 3)",0.0,1.0,True,0.26,11.4,0.77695,0.81111,0.78636,0.72,0.92
abtbuy,"(1, 2, 3)",0.0,2.0,False,0.26,11.67,0.54962,0.57236,0.55757,0.49,0.66
abtbuy,"(1, 2, 3)",0.0,2.0,True,0.26,11.97,0.76333,0.78583,0.77333,0.71,0.86
abtbuy,"(1, 2, 3)",0.0,3.0,False,0.26,12.05,0.47444,0.49027,0.4835,0.43,0.555
abtbuy,"(1, 2, 3)",0.0,3.0,True,0.26,12.02,0.75488,0.77678,0.7653,0.72,0.84
abtbuy,"(1, 2, 3)",0.5,0.5,False,0.26,11.61,0.75592,0.79893,0.76309,0.66,0.935
abtbuy,"(1, 2, 3)",0.5,0.5,True,0.26,12.15,0.83671,0.85704,0.84736,0.8,0.925
abtbuy,"(1, 2, 3)",0.5,1.0,False,0.26,12.06,0.77391,0.81595,0.78361,0.69,0.945
abtbuy,"(1, 2, 3)",0.5,1.0,True,0.26,12.06,0.83579,0.85667,0.84669,0.8,0.925
abtbuy,"(1, 2, 3)",0.5,2.0,False,0.26,12.07,0.79005,0.83089,0.79808,0.71,0.955
abtbuy,"(1, 2, 3)",0.5,2.0,True,0.26,12.27,0.82321,0.83917,0.8343,0.8,0.895
abtbuy,"(1, 2, 3)",0.5,3.0,False,0.26,12.34,0.79137,0.8322,0.7994,0.71,0.955
abtbuy,"(1, 2, 3)",0.5,3.0,True,0.26,12.44,0.81407,0.83005,0.82692,0.8,0.88
abtbuy,"(1, 2, 3)",1.0,0.5,False,0.34,12.17,0.83391,0.86761,0.83791,0.75,0.97
abtbuy,"(1, 2, 3)",1.0,0.5,True,0.34,12.35,0.85308,0.87291,0.86248,0.82,0.94
abtbuy,"(1, 2, 3)",1.0,1.0,False,0.34,12.46,0.86058,0.8873,0.86458,0.79,0.97
abtbuy,"(1, 2, 3)",1.0,1.0,True,0.34,12.36,0.84805,0.86636,0.85755,0.82,0.93
abtbuy,"(1, 2, 3)",1.0,2.0,False,0.34,12.48,0.85699,0.88746,0.86088,0.78,0.98
abtbuy,"(1, 2, 3)",1.0,2.0,True,0.34,12.48,0.84333,0.85426,0.85496,0.83,0.895
abtbuy,"(1, 2, 3)",1.0,3.0,False,0.34,12.58,0.85518,0.88592,0.85907,0.78,0.98
abtbuy,"(1, 2, 3)",1.0,3.0,True,0.34,12.55,0.81373,0.83095,0.8268,0.79,0.885
abtbuy,"(1, 2, 3)",2.0,0.5,False,0.35,12.5,0.90608,0.92669,0.90858,0.86,0.99
abtbuy,"(1, 2, 3)",2.0,0.5,True,0.35,12.25,0.84399,0.87378,0.85116,0.8,0.97
abtbuy,"(1, 2, 3)",2.0,1.0,False,0.35,12.29,0.91258,0.93168,0.91558,0.87,0.99
abtbuy,"(1, 2, 3)",2.0,1.0,True,0.35,12.07,0.82845,0.85419,0.83745,0.79,0.94
abtbuy,"(1, 2, 3)",2.0,2.0,False,0.35,11.56,0.91591,0.9343,0.91891,0.87,0.99
abtbuy,"(1, 2, 3)",2.0,2.0,True,0.35,11.22,0.8009,0.81949,0.81399,0.78,0.88
abtbuy,"(1, 2, 3)",2.0,3.0,False,0.35,11.87,0.92091,0.93799,0.92391,0.88,0.99
abtbuy,"(1, 2, 3)",2.0,3.0,True,0.35,11.85,0.7645,0.77949,0.78078,0.75,0.825
abtbuy,"(1, 2, 3)",3.0,0.5,False,0.33,11.79,0.94117,0.95644,0.94367,0.91,1.0
abtbuy,"(1, 2, 3)",3.0,0.5,True,0.33,11.37,0.8241,0.85615,0.83382,0.78,0.96
abtbuy,"(1, 2, 3)",3.0,1.0,False,0.33,11.89,0.94117,0.95644,0.94367,0.91,1.0
abtbuy,"(1, 2, 3)",3.0,1.0,True,0.33,11.77,0.81109,0.83477,0.82512,0.78,0.91
abtbuy,"(1, 2, 3)",3.0,2.0,False,0.33,11.36,0.917,0.93837,0.9195,0.87,1.0
abtbuy,"(1, 2, 3)",3.0,2.0,True,0.33,12.25,0.73245,0.7486,0.74597,0.71,0.805
abtbuy,"(1, 2, 3)",3.0,3.0,False,0.33,12.35,0.91817,0.93924,0.92067,0.87,1.0
abtbuy,"(1, 2, 3)",3.0,3.0,True,0.33,12.35,0.6682,0.68828,0.68276,0.62,0.755
abtbuy,"(1, 2, 4)",0.0,0.5,False,0.36,11.95,0.67008,0.70555,0.681,0.59,0.825
abtbuy,"(1, 2, 4)",0.0,0.5,True,0.36,11.86,0.7783,0.8119,0.78735,0.71,0.92
abtbuy,"(1, 2, 4)",0.0,1.0,False,0.36,11.94,0.6344,0.66833,0.64549,0.56,0.78
abtbuy,"(1, 2, 4)",0.0,1.0,True,0.36,12.03,0.778,0.81199,0.78726,0.72,0.92
abtbuy,"(1, 2, 4)",0.0,2.0,False,0.36,11.91,0.53884,0.56448,0.54674,0.49,0.66
abtbuy,"(1, 2, 4)",0.0,2.0,True,0.36,11.93,0.75996,0.78396,0.76996,0.71,0.86
abtbuy,"(1, 2, 4)",0.0,3.0,False,0.36,11.96,0.43964,0.45616,0.44892,0.39,0.525
abtbuy,"(1, 2, 4)",0.0,3.0,True,0.36,11.22,0.75265,0.76723,0.7632,0.72,0.81
abtbuy,"(1, 2, 4)",0.5,0.5,False,0.45,11.76,0.76041,0.80489,0.76839,0.67,0.945
abtbuy,"(1, 2, 4)",0.5,0.5,True,0.45,11.83,0.83844,0.8586,0.84923,0.8,0.925
abtbuy,"(1, 2, 4)",0.5,1.0,False,0.45,11.77,0.76514,0.80892,0.77311,0.67,0.945
abtbuy,"(1, 2, 4)",0.5,1.0,True,0.45,11.75,0.83295,0.85449,0.84395,0.8,0.925
abtbuy,"(1, 2, 4)",0.5,2.0,False,0.45,11.02,0.77562,0.81688,0.78367,0.69,0.945
abtbuy,"(1, 2, 4)",0.5,2.0,True,0.45,11.46,0.81948,0.83698,0.83118,0.8,0.895
abtbuy,"(1, 2, 4)",0.5,3.0,False,0.45,11.8,0.78188,0.82186,0.79019,0.7,0.945
abtbuy,"(1, 2, 4)",0.5,3.0,True,0.45,11.91,0.80755,0.82574,0.82042,0.79,0.88
abtbuy,"(1, 2, 4)",1.0,0.5,False,0.42,11.59,0.84105,0.87112,0.84521,0.76,0.965
abtbuy,"(1, 2, 4)",1.0,0.5,True,0.42,11.98,0.84998,0.87368,0.85938,0.81,0.95
abtbuy,"(1, 2, 4)",1.0,1.0,False,0.42,12.04,0.84796,0.87612,0.85213,0.77,0.965
abtbuy,"(1, 2, 4)",1.0,1.0,True,0.42,11.95,0.84963,0.8705,0.85946,0.82,0.94
abtbuy,"(1, 2, 4)",1.0,2.0,False,0.42,12.14,0.84163,0.87193,0.84746,0.76,0.965
abtbuy,"(1, 2, 4)",1.0,2.0,True,0.42,12.19,0.83549,0.84888,0.84739,0.82,0.895
abtbuy,"(1, 2, 4)",1.0,3.0,False,0.42,11.63,0.83985,0.87086,0.84568,0.75,0.965
abtbuy,"(1, 2, 4)",1.0,3.0,True,0.42,12.37,0.79934,0.81773,0.81274,0.77,0.875
abtbuy,"(1, 2, 4)",2.0,0.5,False,0.54,12.48,0.89525,0.91853,0.89825,0.84,0.99
abtbuy,"(1, 2, 4)",2.0,0.5,True,0.54,12.28,0.84768,0.87658,0.85485,0.81,0.97
abtbuy,"(1, 2, 4)",2.0,1.0,False,0.54,11.65,0.8848,0.91083,0.8878,0.82,0.99
abtbuy,"(1, 2, 4)",2.0,1.0,True,0.54,12.03,0.82482,0.85013,0.83522,0.79,0.935
abtbuy,"(1, 2, 4)",2.0,2.0,False,0.54,11.96,0.85515,0.88599,0.85848,0.77,0.98
abtbuy,"(1, 2, 4)",2.0,2.0,True,0.54,11.84,0.78534,0.79815,0.79922,0.76,0.845
abtbuy,"(1, 2, 4)",2.0,3.0,False,0.54,12.03,0.85348,0.88468,0.85682,0.77,0.98
abtbuy,"(1, 2, 4)",2.0,3.0,True,0.54,12.17,0.7347,0.75728,0.7511,0.71,0.825
abtbuy,"(1, 2, 4)",3.0,0.5,False,0.49,11.87,0.8966,0.91672,0.8991,0.84,0.98
abtbuy,"(1, 2, 4)",3.0,0.5,True,0.49,11.67,0.82046,0.85427,0.8295,0.78,0.965
abtbuy,"(1, 2, 4)",3.0,1.0,False,0.49,11.87,0.87877,0.90627,0.88177,0.81,0.99
abtbuy,"(1, 2, 4)",3.0,1.0,True,0.49,11.98,0.80559,0.82572,0.82,0.78,0.89
abtbuy,"(1, 2, 4)",3.0,2.0,False,0.49,11.99,0.86159,0.88767,0.86459,0.79,0.97
abtbuy,"(1, 2, 4)",3.0,2.0,True,0.49,12.12,0.7119,0.72698,0.72593,0.69,0.78
abtbuy,"(1, 2, 4)",3.0,3.0,False,0.49,12.25,0.85993,0.88628,0.86293,0.79,0.97
abtbuy,"(1, 2, 4)",3.0,3.0,True,0.49,12.54,0.64766,0.6675,0.66246,0.61,0.735
abtbuy,"(2, 3, 4)",0.0,0.5,False,0.42,0.94,0.75853,0.80776,0.77195,0.67,0.955
abtbuy,"(2, 3, 4)",0.0,0.5,True,0.42,1.0,0.79254,0.82565,0.80161,0.72,0.93
abtbuy,"(2, 3, 4)",0.0,1.0,False,0.42,0.94,0.75086,0.80169,0.76485,0.67,0.955
abtbuy,"(2, 3, 4)",0.0,1.0,True,0.42,1.04,0.79141,0.82465,0.80045,0.72,0.93
abtbuy,"(2, 3, 4)",0.0,2.0,False,0.42,0.99,0.72034,0.76679,0.73214,0.63,0.915
abtbuy,"(2, 3, 4)",0.0,2.0,True,0.42,0.97,0.78524,0.82001,0.79425,0.71,0.93
abtbuy,"(2, 3, 4)",0.0,3.0,False,0.42,0.99,0.70865,0.74848,0.7208,0.63,0.88
abtbuy,"(2, 3, 4)",0.0,3.0,True,0.42,1.0,0.78455,0.81641,0.79308,0.71,0.92
abtbuy,"(2, 3, 4)",0.5,0.5,False,0.64,1.08,0.81236,0.85035,0.81983,0.72,0.965
abtbuy,"(2, 3, 4)",0.5,0.5,True,0.64,1.04,0.83873,0.86435,0.84939,0.79,0.945
abtbuy,"(2, 3, 4)",0.5,1.0,False,0.64,1.04,0.81229,0.85035,0.81979,0.72,0.965
abtbuy,"(2, 3, 4)",0.5,1.0,True,0.64,1.07,0.83846,0.86128,0.84912,0.79,0.935
abtbuy,"(2, 3, 4)",0.5,2.0,False,0.64,1.12,0.8117,0.84734,0.81922,0.72,0.955
abtbuy,"(2, 3, 4)",0.5,2.0,True,0.64,1.08,0.83307,0.85729,0.84379,0.78,0.935
abtbuy,"(2, 3, 4)",0.5,3.0,False,0.64,1.1,0.807,0.84403,0.81459,0.72,0.955
abtbuy,"(2, 3, 4)",0.5,3.0,True,0.64,1.04,0.82854,0.85327,0.83659,0.77,0.935
abtbuy,"(2, 3, 4)",1.0,0.5,False,0.65,1.04,0.85294,0.88141,0.85627,0.77,0.97
abtbuy,"(2, 3, 4)",1.0,0.5,True,0.65,1.04,0.8545,0.87946,0.86284,0.81,0.96
abtbuy,"(2, 3, 4)",1.0,1.0,False,0.65,1.08,0.85294,0.88141,0.85627,0.77,0.97
abtbuy,"(2, 3, 4)",1.0,1.0,True,0.65,1.09,0.8545,0.87946,0.86284,0.81,0.96
abtbuy,"(2, 3, 4)",1.0,2.0,False,0.65,1.06,0.85609,0.88361,0.85943,0.78,0.97
abtbuy,"(2, 3, 4)",1.0,2.0,True,0.65,1.08,0.85459,0.87944,0.86292,0.81,0.96
abtbuy,"(2, 3, 4)",1.0,3.0,False,0.65,1.06,0.85586,0.88347,0.85943,0.78,0.97
abtbuy,"(2, 3, 4)",1.0,3.0,True,0.65,1.13,0.85434,0.87616,0.86268,0.81,0.95
abtbuy,"(2, 3, 4)",2.0,0.5,False,0.66,1.06,0.90393,0.92538,0.90693,0.85,0.99
abtbuy,"(2, 3, 4)",2.0,0.5,True,0.66,1.07,0.88697,0.91567,0.89414,0.85,1.0
abtbuy,"(2, 3, 4)",2.0,1.0,False,0.66,1.11,0.89792,0.92082,0.90092,0.84,0.99
abtbuy,"(2, 3, 4)",2.0,1.0,True,0.66,1.05,0.88647,0.91523,0.89364,0.85,1.0
abtbuy,"(2, 3, 4)",2.0,2.0,False,0.66,1.11,0.88419,0.90757,0.88719,0.82,0.98
abtbuy,"(2, 3, 4)",2.0,2.0,True,0.66,1.11,0.89086,0.91835,0.89803,0.86,1.0
abtbuy,"(2, 3, 4)",2.0,3.0,False,0.66,1.09,0.87882,0.90356,0.88182,0.81,0.98
abtbuy,"(2, 3, 4)",2.0,3.0,True,0.66,1.03,0.87945,0.90689,0.88662,0.84,0.99
abtbuy,"(2, 3, 4)",3.0,0.5,False,0.55,1.04,0.91885,0.9389,0.92135,0.88,1.0
abtbuy,"(2, 3, 4)",3.0,0.5,True,0.55,1.14,0.89912,0.92446,0.90212,0.85,1.0
abtbuy,"(2, 3, 4)",3.0,1.0,False,0.55,1.06,0.90182,0.92056,0.90432,0.85,0.98
abtbuy,"(2, 3, 4)",3.0,1.0,True,0.55,1.05,0.89612,0.92279,0.90162,0.85,1.0
abtbuy,"(2, 3, 4)",3.0,2.0,False,0.55,1.07,0.88627,0.91196,0.88927,0.82,0.99
abtbuy,"(2, 3, 4)",3.0,2.0,True,0.55,1.08,0.89537,0.92208,0.90087,0.85,1.0
abtbuy,"(2, 3, 4)",3.0,3.0,False,0.55,1.06,0.87451,0.90038,0.87751,0.8,0.98
abtbuy,"(2, 3, 4)",3.0,3.0,True,0.55,1.11,0.89661,0.92271,0.90211,0.86,1.0
abtbuy,"(1, 2, 3, 4)",0.0,0.5,False,0.49,12.28,0.70813,0.74564,0.71986,0.63,0.87
abtbuy,"(1, 2, 3, 4)",0.0,0.5,True,0.49,12.21,0.78122,0.81398,0.79031,0.71,0.92
abtbuy,"(1, 2, 3, 4)",0.0,1.0,False,0.49,12.41,0.69079,0.72312,0.7016,0.63,0.83
abtbuy,"(1, 2, 3, 4)",0.0,1.0,True,0.49,12.36,0.78008,0.81334,0.78917,0.71,0.92
abtbuy,"(1, 2, 3, 4)",0.0,2.0,False,0.49,12.09,0.60026,0.62683,0.60921,0.54,0.72
abtbuy,"(1, 2, 3, 4)",0.0,2.0,True,0.49,11.89,0.77389,0.80405,0.78368,0.72,0.9
abtbuy,"(1, 2, 3, 4)",0.0,3.0,False,0.49,11.91,0.53189,0.54661,0.53899,0.5,0.61
abtbuy,"(1, 2, 3, 4)",0.0,3.0,True,0.49,11.85,0.75154,0.77364,0.76177,0.71,0.84
abtbuy,"(1, 2, 3, 4)",0.5,0.5,False,0.7,12.09,0.79797,0.83654,0.80552,0.71,0.955
abtbuy,"(1, 2, 3, 4)",0.5,0.5,True,0.7,11.98,0.84007,0.86237,0.85079,0.8,0.935
abtbuy,"(1, 2, 3, 4)",0.5,1.0,False,0.7,12.07,0.79976,0.83816,0.80734,0.71,0.955
abtbuy,"(1, 2, 3, 4)",0.5,1.0,True,0.7,12.17,0.83887,0.85878,0.84964,0.8,0.925
abtbuy,"(1, 2, 3, 4)",0.5,2.0,False,0.7,12.03,0.80086,0.83947,0.80851,0.71,0.955
abtbuy,"(1, 2, 3, 4)",0.5,2.0,True,0.7,12.6,0.83094,0.85364,0.84196,0.8,0.925
abtbuy,"(1, 2, 3, 4)",0.5,3.0,False,0.7,12.7,0.80606,0.84366,0.81407,0.72,0.955
abtbuy,"(1, 2, 3, 4)",0.5,3.0,True,0.7,12.36,0.81438,0.83244,0.82717,0.8,0.89
abtbuy,"(1, 2, 3, 4)",1.0,0.5,False,0.67,11.89,0.85029,0.87951,0.85429,0.77,0.97
abtbuy,"(1, 2, 3, 4)",1.0,0.5,True,0.67,12.47,0.84846,0.87248,0.8568,0.8,0.95
abtbuy,"(1, 2, 3, 4)",1.0,1.0,False,0.67,12.38,0.85062,0.87958,0.8545,0.77,0.97
abtbuy,"(1, 2, 3, 4)",1.0,1.0,True,0.67,12.43,0.84716,0.87162,0.85633,0.8,0.95
abtbuy,"(1, 2, 3, 4)",1.0,2.0,False,0.67,12.21,0.85093,0.87978,0.8545,0.77,0.97
abtbuy,"(1, 2, 3, 4)",1.0,2.0,True,0.67,12.42,0.84071,0.86143,0.85135,0.82,0.93
abtbuy,"(1, 2, 3, 4)",1.0,3.0,False,0.67,12.41,0.85586,0.88347,0.85943,0.78,0.97
abtbuy,"(1, 2, 3, 4)",1.0,3.0,True,0.67,11.79,0.82538,0.83909,0.83832,0.81,0.885
abtbuy,"(1, 2, 3, 4)",2.0,0.5,False,0.61,12.17,0.90042,0.92245,0.90342,0.85,0.99
abtbuy,"(1, 2, 3, 4)",2.0,0.5,True,0.61,11.75,0.86797,0.89232,0.87513,0.83,0.97
abtbuy,"(1, 2, 3, 4)",2.0,1.0,False,0.61,12.0,0.89792,0.92082,0.90092,0.84,0.99
abtbuy,"(1, 2, 3, 4)",2.0,1.0,True,0.61,11.79,0.86527,0.88998,0.87244,0.83,0.97
abtbuy,"(1, 2, 3, 4)",2.0,2.0,False,0.61,12.03,0.88419,0.90757,0.88719,0.82,0.98
abtbuy,"(1, 2, 3, 4)",2.0,2.0,True,0.61,12.08,0.82265,0.83781,0.83484,0.8,0.89
abtbuy,"(1, 2, 3, 4)",2.0,3.0,False,0.61,12.31,0.87882,0.90356,0.88182,0.81,0.98
abtbuy,"(1, 2, 3, 4)",2.0,3.0,True,0.61,12.0,0.78306,0.79466,0.79751,0.77,0.835
abtbuy,"(1, 2, 3, 4)",3.0,0.5,False,0.66,11.72,0.91858,0.93583,0.92108,0.88,0.99
abtbuy,"(1, 2, 3, 4)",3.0,0.5,True,0.66,12.03,0.85256,0.88657,0.85972,0.8,0.99
abtbuy,"(1, 2, 3, 4)",3.0,1.0,False,0.66,12.27,0.90182,0.92056,0.90432,0.85,0.98
abtbuy,"(1, 2, 3, 4)",3.0,1.0,True,0.66,11.43,0.83606,0.86401,0.84625,0.8,0.955
abtbuy,"(1, 2, 3, 4)",3.0,2.0,False,0.66,11.37,0.88627,0.91196,0.88927,0.82,0.99
abtbuy,"(1, 2, 3, 4)",3.0,2.0,True,0.66,12.2,0.77622,0.79228,0.79045,0.76,0.845
abtbuy,"(1, 2, 3, 4)",3.0,3.0,False,0.66,12.24,0.87451,0.90038,0.87751,0.8,0.98
abtbuy,"(1, 2, 3, 4)",3.0,3.0,True,0.66,11.91,0.69907,0.71768,0.71378,0.66,0.78
